SNP,Positions,Pred,PredClass
rs1077446,244913,,Incomplete Sweep
rs4897943,255499,,Incomplete Sweep
rs7250095,269308,,Incomplete Sweep
rs3816322,286946,,Incomplete Sweep
rs882572,291700,,Incomplete Sweep
rs10423498,305248,,Incomplete Sweep
rs7254684,307003,,Incomplete Sweep
rs618409,315694,,Incomplete Sweep
rs689448,317451,,Incomplete Sweep
rs3764571,327382,,Incomplete Sweep
rs12151104,335644,,Incomplete Sweep
rs12611418,339413,,Incomplete Sweep
rs12981152,369769,,Incomplete Sweep
rs8112380,371755,,Incomplete Sweep
rs740871,405430,,Incomplete Sweep
rs7246920,458450,,Incomplete Sweep
rs4919908,459626,,Incomplete Sweep
rs3745924,462453,,Incomplete Sweep
rs11666491,463568,,Incomplete Sweep
rs12611042,505919,,Incomplete Sweep
rs8637,533774,,Incomplete Sweep
rs12977551,597151,,Incomplete Sweep
rs3787004,608666,,Incomplete Sweep
rs916904,614929,,Incomplete Sweep
rs2301741,626106,,Incomplete Sweep
rs2301742,626513,,Incomplete Sweep
rs10439151,637574,,Incomplete Sweep
rs7359958,638835,,Incomplete Sweep
rs7247331,650109,,Incomplete Sweep
rs3787017,676939,,Incomplete Sweep
rs3787019,681030,,Incomplete Sweep
rs1009691,681235,,Incomplete Sweep
rs1009690,681297,,Incomplete Sweep
rs1050457,682144,,Incomplete Sweep
rs8104762,701173,,Incomplete Sweep
rs13345388,702553,,Incomplete Sweep
rs606119,778655,,Incomplete Sweep
rs2066983,792398,,Incomplete Sweep
rs351111,795019,,Incomplete Sweep
rs2285899,939175,,Incomplete Sweep
rs2240152,943903,,Incomplete Sweep
rs4807395,953847,,Incomplete Sweep
rs2240158,956229,,Incomplete Sweep
rs11085233,958353,,Incomplete Sweep
rs4807440,977477,,Incomplete Sweep
rs3764652,1003004,,Incomplete Sweep
rs3752242,1004676,,Incomplete Sweep
rs3752243,1005059,,Incomplete Sweep
rs881768,1007064,,Incomplete Sweep
rs2279796,1010003,,Incomplete Sweep
rs10421359,1021991,,Incomplete Sweep
rs3761028,1036966,,Incomplete Sweep
rs10439143,1049066,,Incomplete Sweep
rs11084883,1049247,,Incomplete Sweep
rs4239605,1050700,,Incomplete Sweep
rs757228,1052991,,Incomplete Sweep
rs713041,1057614,,Incomplete Sweep
rs2074451,1058034,,Incomplete Sweep
rs2302109,1061829,,Incomplete Sweep
rs2074920,1070019,,Incomplete Sweep
rs2019107,1132716,,Incomplete Sweep
rs11882232,1133414,,Incomplete Sweep
rs1076230,1195900,,Incomplete Sweep
rs3746106,1201109,,Incomplete Sweep
rs758147,1273312,,Incomplete Sweep
rs9749349,1280639,,Incomplete Sweep
rs10402248,1290058,,Incomplete Sweep
rs2285972,1309725,,Incomplete Sweep
rs17673260,1315306,,Incomplete Sweep
rs2526133,1316608,,Incomplete Sweep
rs698748,1375888,,Incomplete Sweep
rs3760994,1386771,,Incomplete Sweep
rs12005,1408874,,Incomplete Sweep
rs197198,1456874,,Incomplete Sweep
rs791461,1458535,,Incomplete Sweep
rs17604651,1490267,,Incomplete Sweep
rs10405028,1497211,,Incomplete Sweep
rs10407104,1513643,,Incomplete Sweep
rs4807934,1537217,,Incomplete Sweep
rs758869,1619161,,Incomplete Sweep
rs2041218,1663898,,Incomplete Sweep
rs10413694,1674463,,Incomplete Sweep
rs4807954,1677233,,Incomplete Sweep
rs12978813,1717737,,Incomplete Sweep
rs8100003,1743997,,Incomplete Sweep
rs7250872,1762602,,Incomplete Sweep
rs732310,1784338,,Incomplete Sweep
rs12974664,1807186,,Incomplete Sweep
rs10414308,1827566,,Incomplete Sweep
rs3810416,1833762,,Incomplete Sweep
rs1610107,1834433,,Incomplete Sweep
rs11669357,1903586,,Incomplete Sweep
rs2396366,1903841,,Incomplete Sweep
rs4807179,1907035,,Incomplete Sweep
rs4405674,1963477,,Incomplete Sweep
rs1599860,1995175,,Incomplete Sweep
rs758145,2024466,,Incomplete Sweep
rs2108825,2087515,,Incomplete Sweep
rs4806831,2087703,,Incomplete Sweep
rs3786971,2092209,,Incomplete Sweep
rs2108524,2121764,,Incomplete Sweep
rs12459350,2127586,,Incomplete Sweep
rs12980348,2132607,,Incomplete Sweep
rs2864419,2134175,,Incomplete Sweep
rs7248941,2141690,,Incomplete Sweep
rs2074554,2150351,,Incomplete Sweep
rs2301800,2162050,,Incomplete Sweep
rs8112524,2201527,,Incomplete Sweep
rs12982784,2297882,,Incomplete Sweep
rs2385174,2320931,,Incomplete Sweep
rs7248779,2354564,,Incomplete Sweep
rs11084940,2384890,,Incomplete Sweep
rs11670333,2436656,,Incomplete Sweep
rs2392644,2442934,,Incomplete Sweep
rs11084942,2445245,,Incomplete Sweep
rs11084943,2454628,,Incomplete Sweep
rs7258864,2463606,,Incomplete Sweep
rs917415,2465373,,Incomplete Sweep
rs12985186,2466874,,Incomplete Sweep
rs4806864,2483725,,Incomplete Sweep
rs16989558,2489668,,Incomplete Sweep
rs8113423,2493673,,Incomplete Sweep
rs887270,2501852,,Incomplete Sweep
rs2873409,2559353,,Incomplete Sweep
rs11667297,2674383,,Incomplete Sweep
rs2260416,2747355,,Incomplete Sweep
rs1736181,2748703,,Incomplete Sweep
rs1640271,2750979,,Incomplete Sweep
rs1640273,2754227,,Incomplete Sweep
rs576804,2772745,,Incomplete Sweep
rs10417732,2775045,,Incomplete Sweep
rs8107668,2784576,,Incomplete Sweep
rs758769,2796583,,Incomplete Sweep
rs9304900,2824439,,Incomplete Sweep
rs8103080,2848133,,Incomplete Sweep
rs3855680,2857475,,Incomplete Sweep
rs4807359,2857556,,Incomplete Sweep
rs2288958,2868287,,Incomplete Sweep
rs11666431,2904087,,Incomplete Sweep
rs4807380,2931269,,Incomplete Sweep
rs1688128,2981168,,Incomplete Sweep
rs306048,2991154,,Incomplete Sweep
rs11084994,3019427,,Incomplete Sweep
rs4806907,3044163,,Incomplete Sweep
rs1104737,3047788,,Incomplete Sweep
rs2238625,3055652,,Incomplete Sweep
rs308054,3056987,,Incomplete Sweep
rs308063,3063023,,Incomplete Sweep
rs411386,3064903,,Incomplete Sweep
rs3786947,3065229,,Incomplete Sweep
rs1465245,3087845,,Incomplete Sweep
rs1682809,3116895,,Incomplete Sweep
rs507872,3136552,,Incomplete Sweep
rs507905,3136563,,Incomplete Sweep
rs311625,3152695,,Incomplete Sweep
rs426633,3173856,,Incomplete Sweep
rs312929,3224188,,Incomplete Sweep
rs11669592,3269509,,Incomplete Sweep
rs740521,3318745,,Incomplete Sweep
rs11085016,3323514,,Incomplete Sweep
rs4807475,3419503,,Incomplete Sweep
rs4807485,3475311,,Incomplete Sweep
rs12976454,3495971,,Incomplete Sweep
rs17674491,3496628,,Incomplete Sweep
rs2240754,3503093,,Incomplete Sweep
rs2108389,3542589,,Incomplete Sweep
rs10410258,3543729,,Incomplete Sweep
rs10411250,3543854,,Incomplete Sweep
rs768962,3566164,,Incomplete Sweep
rs12460780,3596947,,Incomplete Sweep
rs12984273,3598901,,Incomplete Sweep
rs2074957,3604525,,Incomplete Sweep
rs10432303,3607652,,Incomplete Sweep
rs757454,3611619,,Incomplete Sweep
rs10416362,3691658,,Incomplete Sweep
rs501168,3697087,,Incomplete Sweep
rs1046268,3701615,,Incomplete Sweep
rs1046271,3701622,,Incomplete Sweep
rs1046278,3701690,,Incomplete Sweep
rs8102086,3703874,,Incomplete Sweep
rs3746120,3704769,,Incomplete Sweep
rs1106643,3768894,,Incomplete Sweep
rs8110279,3779433,,Incomplete Sweep
rs11670741,3806977,,Incomplete Sweep
rs10401177,3825604,,Incomplete Sweep
rs4806962,3830033,,Incomplete Sweep
rs4807534,3881874,,Incomplete Sweep
rs12459940,4069870,,Incomplete Sweep
rs350825,4091563,,Incomplete Sweep
rs7260407,4153793,,Incomplete Sweep
rs12978469,4161356,,Incomplete Sweep
rs8110516,4165467,,Incomplete Sweep
rs353694,4194792,,Incomplete Sweep
rs4807563,4219341,,Incomplete Sweep
rs4807567,4229502,,Incomplete Sweep
rs6510803,4254164,,Incomplete Sweep
rs4807578,4257311,,Incomplete Sweep
rs10411394,4276327,,Incomplete Sweep
rs1138253,4276433,,Incomplete Sweep
rs7247504,4284711,,Incomplete Sweep
rs8102860,4297348,,Incomplete Sweep
rs2041775,4306300,,Incomplete Sweep
rs107288,4316396,,Incomplete Sweep
rs243372,4383972,,Incomplete Sweep
rs243375,4388088,,Incomplete Sweep
rs243382,4393528,,Incomplete Sweep
rs2293930,4395855,,Incomplete Sweep
rs2705,4396073,,Incomplete Sweep
rs243387,4396155,,Incomplete Sweep
rs10469324,4417106,,Incomplete Sweep
rs4807590,4423980,,Incomplete Sweep
rs3816048,4426606,,Incomplete Sweep
rs16992406,4431751,,Incomplete Sweep
rs8887,4453201,,Incomplete Sweep
rs966384,4489599,,Incomplete Sweep
rs4635456,4502215,,Incomplete Sweep
rs1610094,4505583,,Incomplete Sweep
rs10413447,4526373,,Incomplete Sweep
rs4807609,4533205,,Incomplete Sweep
rs12979155,4541877,,Incomplete Sweep
rs7255247,4548413,,Incomplete Sweep
rs892162,4558587,,Incomplete Sweep
rs7250560,4561238,,Incomplete Sweep
rs11880374,4587945,,Incomplete Sweep
rs16992471,4591295,,Incomplete Sweep
rs1467941,4671523,,Incomplete Sweep
rs10411311,4686663,,Incomplete Sweep
rs4807628,4698145,,Incomplete Sweep
rs11085096,4734024,,Incomplete Sweep
rs4806998,4747781,,Incomplete Sweep
rs7255265,4769377,,Incomplete Sweep
rs4807650,4772611,,Incomplete Sweep
rs6510827,4781627,,Incomplete Sweep
rs10424978,4788557,,Incomplete Sweep
rs10409269,4795205,,Incomplete Sweep
rs1055919,4803137,,Incomplete Sweep
rs3760948,4819802,,Incomplete Sweep
rs2602701,4826765,,Incomplete Sweep
rs2779169,4851684,,Incomplete Sweep
rs262567,4884228,,Incomplete Sweep
rs262566,4887950,,Incomplete Sweep
rs2602734,4898041,,Incomplete Sweep
rs2613766,5017995,,Incomplete Sweep
rs2251127,5089229,,Incomplete Sweep
rs2620833,5096960,,Incomplete Sweep
rs741696,5129323,,Incomplete Sweep
rs2620812,5140267,,Incomplete Sweep
rs11085118,5165158,,Incomplete Sweep
rs12973477,5176031,,Incomplete Sweep
rs4807699,5177411,,Incomplete Sweep
rs17130,5205969,,Incomplete Sweep
rs4807703,5216221,,Incomplete Sweep
rs8103500,5237347,,Incomplete Sweep
rs7259159,5262330,,Incomplete Sweep
rs1558138,5265996,,Incomplete Sweep
rs3948683,5275831,,Incomplete Sweep
rs2890212,5299786,,Incomplete Sweep
rs8111216,5304576,,Incomplete Sweep
rs892136,5306437,,Incomplete Sweep
rs2082465,5310211,,Incomplete Sweep
rs1982081,5323802,,Incomplete Sweep
rs4807751,5349798,,Incomplete Sweep
rs1384936,5374643,,Incomplete Sweep
rs8111234,5377449,,Incomplete Sweep
rs4375786,5406422,,Incomplete Sweep
rs8107825,5406978,,Incomplete Sweep
rs8111108,5407450,,Incomplete Sweep
rs7247783,5415288,,Incomplete Sweep
rs797544,5430522,,Incomplete Sweep
rs11085140,5432300,,Incomplete Sweep
rs7254746,5443621,,Incomplete Sweep
rs406063,5450247,,Incomplete Sweep
rs669510,5468034,,Incomplete Sweep
rs385839,5473356,,Incomplete Sweep
rs2288947,5513115,,Incomplete Sweep
rs8105637,5517232,,Incomplete Sweep
rs2436535,5685239,,Incomplete Sweep
rs4807817,5804008,,Incomplete Sweep
rs1674153,5831948,,Incomplete Sweep
rs10432306,5843743,,Incomplete Sweep
rs12462305,5887689,,Incomplete Sweep
rs4807830,5930820,,Incomplete Sweep
rs452767,5946449,,Incomplete Sweep
rs673153,5984976,,Incomplete Sweep
rs2335629,6154146,,Incomplete Sweep
rs872664,6262817,,Incomplete Sweep
rs1982082,6273441,,Incomplete Sweep
rs3911998,6360117,,Incomplete Sweep
rs2305058,6367123,,Incomplete Sweep
rs2860185,6387222,,Incomplete Sweep
rs348365,6406414,,Incomplete Sweep
rs3745571,6426613,,Incomplete Sweep
rs3852883,6434465,,Incomplete Sweep
rs3865467,6461126,,Incomplete Sweep
rs11085177,6471490,,Incomplete Sweep
rs11667269,6473134,,Incomplete Sweep
rs12151125,6475406,,Incomplete Sweep
rs3865469,6486497,,Incomplete Sweep
rs348374,6498141,,Incomplete Sweep
rs10853994,6506363,,Incomplete Sweep
rs10422845,6511923,,Incomplete Sweep
rs11490542,6524967,,Incomplete Sweep
rs400658,6573352,,Incomplete Sweep
rs1862508,6583418,,Incomplete Sweep
rs447135,6593448,,Incomplete Sweep
rs3760746,6621528,,Incomplete Sweep
rs11878563,6621909,,Incomplete Sweep
rs11569562,6629752,,Incomplete Sweep
rs2277984,6630510,,Incomplete Sweep
rs7257062,6636944,,Incomplete Sweep
rs11672613,6656245,,Incomplete Sweep
rs2047139,6683614,,Incomplete Sweep
rs339408,6693863,,Incomplete Sweep
rs4807101,6766948,,Incomplete Sweep
rs164016,6771950,,Incomplete Sweep
rs3786688,6782654,,Incomplete Sweep
rs330876,6846866,,Incomplete Sweep
rs467439,6867493,,Incomplete Sweep
rs3895916,6878996,,Incomplete Sweep
rs6510931,6884731,,Incomplete Sweep
rs7259047,6894410,,Incomplete Sweep
rs625183,6919186,,Incomplete Sweep
rs2914572,7019206,,Incomplete Sweep
rs966591,7034628,,Incomplete Sweep
rs8110740,7034760,,Incomplete Sweep
rs6510944,7035306,,Incomplete Sweep
rs2352958,7035746,,Incomplete Sweep
rs8103483,7096373,,Incomplete Sweep
rs2059807,7117108,,Incomplete Sweep
rs2115386,7147564,,Incomplete Sweep
rs7254358,7150340,,Incomplete Sweep
rs2042902,7155470,,Incomplete Sweep
rs12971499,7165281,,Incomplete Sweep
rs7508679,7173831,,Incomplete Sweep
rs4804416,7174847,,Incomplete Sweep
rs7248104,7175430,,Incomplete Sweep
rs6510976,7217943,,Incomplete Sweep
rs7254921,7229452,,Incomplete Sweep
rs12974783,7382885,,Incomplete Sweep
rs12977838,7383985,,Incomplete Sweep
rs11260076,7394671,,Incomplete Sweep
rs12611049,7399687,,Incomplete Sweep
rs7259729,7400957,,Incomplete Sweep
rs11880140,7444117,,Incomplete Sweep
rs508740,7524660,,Incomplete Sweep
rs7260296,7541689,,Incomplete Sweep
rs11882529,7561810,,Incomplete Sweep
rs1644757,7569768,,Incomplete Sweep
rs794088,7584127,,Incomplete Sweep
rs794084,7598058,,Incomplete Sweep
rs6791,7618277,,Incomplete Sweep
rs2081075,7629461,,Incomplete Sweep
rs10401670,7648802,,Incomplete Sweep
rs11260013,7665676,,Incomplete Sweep
rs2277989,7667811,,Incomplete Sweep
rs12984870,7670157,,Incomplete Sweep
rs1010047,7699502,,Incomplete Sweep
rs2112927,7731104,,Incomplete Sweep
rs608773,7743306,,Incomplete Sweep
rs7259539,7752887,,Incomplete Sweep
rs10412466,7755978,,Incomplete Sweep
rs12980113,7774715,,Incomplete Sweep
rs2335859,7777837,,Incomplete Sweep
rs580984,7787029,,Incomplete Sweep
rs652260,7806562,,Incomplete Sweep
rs525420,7842208,,Incomplete Sweep
rs11260038,7850849,,Incomplete Sweep
rs2115107,7874168,,Incomplete Sweep
rs4804833,7876635,,Incomplete Sweep
rs8107967,7878614,,Incomplete Sweep
rs7252142,7918014,,Incomplete Sweep
rs3786619,7948431,,Incomplete Sweep
rs6603134,8012520,,Incomplete Sweep
rs4804252,8018621,,Incomplete Sweep
rs7351083,8036238,,Incomplete Sweep
rs7257948,8044053,,Incomplete Sweep
rs8103218,8049114,,Incomplete Sweep
rs3745393,8049164,,Incomplete Sweep
rs7245429,8065361,,Incomplete Sweep
rs11260053,8069296,,Incomplete Sweep
rs4804264,8082919,,Incomplete Sweep
rs4527136,8092519,,Incomplete Sweep
rs3813778,8097401,,Incomplete Sweep
rs10416763,8138734,,Incomplete Sweep
rs8110054,8146413,,Incomplete Sweep
rs10409603,8219573,,Incomplete Sweep
rs367443,8224879,,Incomplete Sweep
rs193933,8237375,,Incomplete Sweep
rs250508,8240280,,Incomplete Sweep
rs3760680,8280407,,Incomplete Sweep
rs2241590,8292701,,Incomplete Sweep
rs2972574,8300092,,Incomplete Sweep
rs7248719,8324901,,Incomplete Sweep
rs2278236,8337580,,Incomplete Sweep
rs7254882,8359822,,Incomplete Sweep
rs2967618,8375963,,Incomplete Sweep
rs889180,8477303,,Incomplete Sweep
rs2910443,8482307,,Incomplete Sweep
rs2002073,8491167,,Incomplete Sweep
rs10416597,8538587,,Incomplete Sweep
rs11259990,8540766,,Incomplete Sweep
rs4542783,8548160,,Incomplete Sweep
rs8108747,8574121,,Incomplete Sweep
rs2967682,8644532,,Incomplete Sweep
rs2967674,8650440,,Incomplete Sweep
rs4804079,8669373,,Incomplete Sweep
rs10410943,8669900,,Incomplete Sweep
rs301407,8675892,,Incomplete Sweep
rs301409,8676249,,Incomplete Sweep
rs301410,8676355,,Incomplete Sweep
rs301424,8685564,,Incomplete Sweep
rs36243,8695276,,Incomplete Sweep
rs36240,8702079,,Incomplete Sweep
rs1423049,8796418,,Incomplete Sweep
rs17417136,8815087,,Incomplete Sweep
rs2059136,8827475,,Incomplete Sweep
rs3764554,8837470,,Incomplete Sweep
rs12981608,8898160,,Incomplete Sweep
rs12984694,8906518,,Incomplete Sweep
rs17000770,8927259,,Incomplete Sweep
rs2591592,8936345,,Incomplete Sweep
rs1609460,8945183,,Incomplete Sweep
rs8111512,8969393,,Incomplete Sweep
rs8101404,9002939,,Incomplete Sweep
rs11670174,9033182,,Incomplete Sweep
rs10414250,9238716,,Incomplete Sweep
rs10401135,9304332,,Incomplete Sweep
rs10418104,9316390,,Incomplete Sweep
rs7253373,9317230,,Incomplete Sweep
rs2217652,9351814,,Incomplete Sweep
rs3826783,9353141,,Incomplete Sweep
rs6512110,9383724,,Incomplete Sweep
rs10515,9384723,,Incomplete Sweep
rs2241356,9385185,,Incomplete Sweep
rs11880207,9392693,,Incomplete Sweep
rs10411141,9397203,,Incomplete Sweep
rs10404721,9402833,,Incomplete Sweep
rs4804108,9416855,,Incomplete Sweep
rs4804109,9417039,,Incomplete Sweep
rs4133457,9425428,,Incomplete Sweep
rs7257399,9441866,,Incomplete Sweep
rs10415281,9460034,,Incomplete Sweep
rs11669128,9462155,,Incomplete Sweep
rs10854157,9467461,,Incomplete Sweep
rs1203010,9530467,,Incomplete Sweep
rs10417481,9549337,,Incomplete Sweep
rs12979274,9861925,,Incomplete Sweep
rs2303099,9977375,,Incomplete Sweep
rs1644733,9990262,,Incomplete Sweep
rs4804480,10037663,,Incomplete Sweep
rs897803,10040657,,Incomplete Sweep
rs12610201,10041795,,Incomplete Sweep
rs12610576,10042347,,Incomplete Sweep
rs11880298,10049210,,Incomplete Sweep
rs1551570,10079030,,Incomplete Sweep
rs11666402,10080076,,Incomplete Sweep
rs12460842,10083195,,Incomplete Sweep
rs2305795,10087052,,Incomplete Sweep
rs7710,10087256,,Incomplete Sweep
rs4804122,10102944,,Incomplete Sweep
rs8101626,10107029,,Incomplete Sweep
rs2290684,10112747,,Incomplete Sweep
rs2228611,10128076,,Incomplete Sweep
rs10409243,10193987,,Incomplete Sweep
rs5498,10256682,,Incomplete Sweep
rs923366,10258222,,Incomplete Sweep
rs3093030,10258402,,Incomplete Sweep
rs2569693,10260903,,Incomplete Sweep
rs2228615,10264367,,Incomplete Sweep
rs12150978,10269318,,Incomplete Sweep
rs378395,10287422,,Incomplete Sweep
rs875569,10529953,,Incomplete Sweep
rs3745249,10531991,,Incomplete Sweep
rs2569507,10659904,,Incomplete Sweep
rs1541596,10848012,,Incomplete Sweep
rs3786721,11007499,,Incomplete Sweep
rs688,11088601,,Incomplete Sweep
rs2738450,11089964,,Incomplete Sweep
rs2738459,11099472,,Incomplete Sweep
rs6413504,11102914,,Incomplete Sweep
rs4804147,11117285,,Incomplete Sweep
rs379309,11145302,,Incomplete Sweep
rs370229,11145482,,Incomplete Sweep
rs440677,11146390,,Incomplete Sweep
rs4804150,11188571,,Incomplete Sweep
rs322141,11287639,,Incomplete Sweep
rs12976608,11320260,,Incomplete Sweep
rs7251786,11326129,,Incomplete Sweep
rs167479,11387765,,Incomplete Sweep
rs34095,11402685,,Incomplete Sweep
rs889366,11559137,,Incomplete Sweep
rs17448895,11573531,,Incomplete Sweep
rs9973303,11574932,,Incomplete Sweep
rs4545929,11588503,,Incomplete Sweep
rs4804612,11590197,,Incomplete Sweep
rs11879017,11598612,,Incomplete Sweep
rs10420734,11624009,,Incomplete Sweep
rs4804629,11631579,,Incomplete Sweep
rs7254781,11680193,,Incomplete Sweep
rs5851,11693283,,Incomplete Sweep
rs286268,11700011,,Incomplete Sweep
rs7251224,11731583,,Incomplete Sweep
rs8099884,11734382,,Incomplete Sweep
rs384148,11739095,,Incomplete Sweep
rs383884,11740420,,Incomplete Sweep
rs394957,11742451,,Incomplete Sweep
rs444131,11746777,,Incomplete Sweep
rs412816,11749044,,Incomplete Sweep
rs7253875,11766343,,Incomplete Sweep
rs7254316,11776185,,Incomplete Sweep
rs286246,11815562,,Incomplete Sweep
rs282748,11825207,,Incomplete Sweep
rs282749,11826918,,Incomplete Sweep
rs279210,11832685,,Incomplete Sweep
rs279215,11841331,,Incomplete Sweep
rs279205,11875274,,Incomplete Sweep
rs279256,11915516,,Incomplete Sweep
rs12972428,12060755,,Incomplete Sweep
rs6511789,12347228,,Incomplete Sweep
rs17706075,12352779,,Incomplete Sweep
rs11668074,12352955,,Incomplete Sweep
rs11666071,12355135,,Incomplete Sweep
rs12981699,12391752,,Incomplete Sweep
rs2112844,12409494,,Incomplete Sweep
rs7252123,12423017,,Incomplete Sweep
rs17469542,12426696,,Incomplete Sweep
rs1423089,12450726,,Incomplete Sweep
rs3810306,12466955,,Incomplete Sweep
rs3859517,12477492,,Incomplete Sweep
rs3745651,12553001,,Incomplete Sweep
rs722571,12672379,,Incomplete Sweep
rs1205170,12766246,,Incomplete Sweep
rs2965216,12932082,,Incomplete Sweep
rs11668444,12937186,,Incomplete Sweep
rs10403210,12964638,,Incomplete Sweep
rs4926172,12969622,,Incomplete Sweep
rs892020,13128185,,Incomplete Sweep
rs752340,13137345,,Incomplete Sweep
rs8103974,13153745,,Incomplete Sweep
rs3816027,13196432,,Incomplete Sweep
rs12611029,13216633,,Incomplete Sweep
rs2302080,13217380,,Incomplete Sweep
rs4926248,13244313,,Incomplete Sweep
rs4926249,13244347,,Incomplete Sweep
rs7256928,13313275,,Incomplete Sweep
rs10418748,13335220,,Incomplete Sweep
rs8105564,13339170,,Incomplete Sweep
rs7250857,13345853,,Incomplete Sweep
rs2419549,13355259,,Incomplete Sweep
rs4926285,13392611,,Incomplete Sweep
rs4926286,13395236,,Incomplete Sweep
rs4632265,13399543,,Incomplete Sweep
rs2112460,13451412,,Incomplete Sweep
rs1862260,13452772,,Incomplete Sweep
rs12982515,13507248,,Incomplete Sweep
rs10414182,13517152,,Incomplete Sweep
rs11668370,13553602,,Incomplete Sweep
rs2112465,13557431,,Incomplete Sweep
rs10416242,13611618,,Incomplete Sweep
rs7246997,13625099,,Incomplete Sweep
rs109083,13720267,,Incomplete Sweep
rs378189,13726069,,Incomplete Sweep
rs442573,13727404,,Incomplete Sweep
rs417186,13727866,,Incomplete Sweep
rs371671,13731153,,Incomplete Sweep
rs1469071,13744099,,Incomplete Sweep
rs346155,13746127,,Incomplete Sweep
rs8107465,13836377,,Incomplete Sweep
rs2306190,14023675,,Incomplete Sweep
rs10425874,14031422,,Incomplete Sweep
rs8100676,14056891,,Incomplete Sweep
rs10421422,14107428,,Incomplete Sweep
rs9677023,14198898,,Incomplete Sweep
rs7248277,14236895,,Incomplete Sweep
rs12983952,14237245,,Incomplete Sweep
rs498284,14245736,,Incomplete Sweep
rs888876,14277793,,Incomplete Sweep
rs12609693,14279788,,Incomplete Sweep
rs11665898,14292710,,Incomplete Sweep
rs11670064,14308600,,Incomplete Sweep
rs12977018,14323121,,Incomplete Sweep
rs4926207,14334036,,Incomplete Sweep
rs4926214,14435252,,Incomplete Sweep
rs4926221,14475241,,Incomplete Sweep
rs8104167,14525933,,Incomplete Sweep
rs754192,14531837,,Incomplete Sweep
rs11085898,14540428,,Incomplete Sweep
rs10420780,14592686,,Incomplete Sweep
rs2126979,14601443,,Incomplete Sweep
rs726788,14604245,,Incomplete Sweep
rs8111925,14609113,,Incomplete Sweep
rs8113491,14612929,,Incomplete Sweep
rs11085903,14627584,,Incomplete Sweep
rs3813145,14667162,,Incomplete Sweep
rs4808319,14678062,,Incomplete Sweep
rs11085908,14683559,,Incomplete Sweep
rs11666622,14691568,,Incomplete Sweep
rs2524363,14700490,,Incomplete Sweep
rs9305048,14740034,,Incomplete Sweep
rs2190686,14799616,,Incomplete Sweep
rs2335227,14810834,,Incomplete Sweep
rs3752192,14812605,,Incomplete Sweep
rs8108703,14833346,,Incomplete Sweep
rs11085914,14839191,,Incomplete Sweep
rs1122713,14889182,,Incomplete Sweep
rs715159,14900519,,Incomplete Sweep
rs7508186,14996228,,Incomplete Sweep
rs714920,15012718,,Incomplete Sweep
rs3181304,15021908,,Incomplete Sweep
rs10406273,15023030,,Incomplete Sweep
rs2158468,15023758,,Incomplete Sweep
rs2074262,15087970,,Incomplete Sweep
rs2074265,15094581,,Incomplete Sweep
rs12974057,15107479,,Incomplete Sweep
rs1114312,15119504,,Incomplete Sweep
rs4808272,15213372,,Incomplete Sweep
rs10854143,15373720,,Incomplete Sweep
rs8099840,15442025,,Incomplete Sweep
rs733731,15448184,,Incomplete Sweep
rs959117,15450328,,Incomplete Sweep
rs2366057,15452052,,Incomplete Sweep
rs8102864,15472753,,Incomplete Sweep
rs11085958,15501288,,Incomplete Sweep
rs1273522,15501972,,Incomplete Sweep
rs4310987,15509148,,Incomplete Sweep
rs6512044,15510509,,Incomplete Sweep
rs2280435,15523544,,Incomplete Sweep
rs2280434,15523732,,Incomplete Sweep
rs1320318,15585855,,Incomplete Sweep
rs1320319,15586424,,Incomplete Sweep
rs4808324,15586792,,Incomplete Sweep
rs4808325,15586922,,Incomplete Sweep
rs4646522,15587360,,Incomplete Sweep
rs7254518,15588766,,Incomplete Sweep
rs2176918,15591922,,Incomplete Sweep
rs7256985,15593070,,Incomplete Sweep
rs4646529,15596125,,Incomplete Sweep
rs10409533,15607803,,Incomplete Sweep
rs3794987,15611891,,Incomplete Sweep
rs1290616,15612566,,Incomplete Sweep
rs1290617,15612896,,Incomplete Sweep
rs7258240,15633414,,Incomplete Sweep
rs4343408,15633530,,Incomplete Sweep
rs10425683,15633548,,Incomplete Sweep
rs4358060,15633563,,Incomplete Sweep
rs2178775,15634339,,Incomplete Sweep
rs6512050,15634914,,Incomplete Sweep
rs7253222,15635660,,Incomplete Sweep
rs10426584,15636210,,Incomplete Sweep
rs7246301,15637155,,Incomplete Sweep
rs4807969,15642200,,Incomplete Sweep
rs4808358,15642246,,Incomplete Sweep
rs4807971,15642481,,Incomplete Sweep
rs10409750,15652606,,Incomplete Sweep
rs660247,15657507,,Incomplete Sweep
rs626223,15663686,,Incomplete Sweep
rs627971,15664094,,Incomplete Sweep
rs4808362,15664892,,Incomplete Sweep
rs593818,15668884,,Incomplete Sweep
rs9284441,15670652,,Incomplete Sweep
rs10518253,15720712,,Incomplete Sweep
rs1036251,15768115,,Incomplete Sweep
rs8103263,15782848,,Incomplete Sweep
rs2214534,15788770,,Incomplete Sweep
rs12973285,15796251,,Incomplete Sweep
rs8102407,15810895,,Incomplete Sweep
rs10410515,15814243,,Incomplete Sweep
rs3093170,15856974,,Incomplete Sweep
rs1558139,15858563,,Incomplete Sweep
rs3093148,15862740,,Incomplete Sweep
rs3093145,15862851,,Incomplete Sweep
rs2108623,15878006,,Incomplete Sweep
rs12459140,15882888,,Incomplete Sweep
rs12610962,15884377,,Incomplete Sweep
rs11086010,15884464,,Incomplete Sweep
rs1060467,15885538,,Incomplete Sweep
rs2072270,15885774,,Incomplete Sweep
rs12977516,15886918,,Incomplete Sweep
rs11086017,15946596,,Incomplete Sweep
rs4808012,15969794,,Incomplete Sweep
rs8102934,15973740,,Incomplete Sweep
rs8106097,15987795,,Incomplete Sweep
rs1029513,15988800,,Incomplete Sweep
rs4239628,15990440,,Incomplete Sweep
rs4808423,15997405,,Incomplete Sweep
rs4808427,16003976,,Incomplete Sweep
rs4808428,16004066,,Incomplete Sweep
rs4808430,16004944,,Incomplete Sweep
rs1056176,16012223,,Incomplete Sweep
rs4808432,16018435,,Incomplete Sweep
rs10409140,16020493,,Incomplete Sweep
rs11086021,16025906,,Incomplete Sweep
rs8110325,16037940,,Incomplete Sweep
rs10412605,16046110,,Incomplete Sweep
rs7247875,16053625,,Incomplete Sweep
rs2303149,16058420,,Incomplete Sweep
rs4321304,16115421,,Incomplete Sweep
rs2124905,16237146,,Incomplete Sweep
rs3855681,16259314,,Incomplete Sweep
rs8101619,16271530,,Incomplete Sweep
rs501537,16286502,,Incomplete Sweep
rs12462380,16298048,,Incomplete Sweep
rs2287869,16527100,,Incomplete Sweep
rs754292,16560813,,Incomplete Sweep
rs754291,16561051,,Incomplete Sweep
rs812847,16716265,,Incomplete Sweep
rs773845,16729963,,Incomplete Sweep
rs773852,16733940,,Incomplete Sweep
rs10415034,16806205,,Incomplete Sweep
rs706760,16814880,,Incomplete Sweep
rs799184,16822869,,Incomplete Sweep
rs10407613,16849786,,Incomplete Sweep
rs773855,16880907,,Incomplete Sweep
rs706761,16886291,,Incomplete Sweep
rs8109515,16911568,,Incomplete Sweep
rs2353203,16960980,,Incomplete Sweep
rs2168632,16977245,,Incomplete Sweep
rs4808552,16980076,,Incomplete Sweep
rs8106270,16987589,,Incomplete Sweep
rs1979261,17054518,,Incomplete Sweep
rs1979260,17054551,,Incomplete Sweep
rs11671858,17062520,,Incomplete Sweep
rs7254359,17100566,,Incomplete Sweep
rs962917,17163247,,Incomplete Sweep
rs2305765,17173992,,Incomplete Sweep
rs2305764,17174833,,Incomplete Sweep
rs8108998,17175874,,Incomplete Sweep
rs8110964,17178955,,Incomplete Sweep
rs2363956,17255124,,Incomplete Sweep
rs2303680,17392450,,Incomplete Sweep
rs754847,17402017,,Incomplete Sweep
rs8109084,17408179,,Incomplete Sweep
rs8100064,17436610,,Incomplete Sweep
rs11665774,17441706,,Incomplete Sweep
rs11666579,17451280,,Incomplete Sweep
rs4808657,17477040,,Incomplete Sweep
rs2278280,17477170,,Incomplete Sweep
rs1078000,17482508,,Incomplete Sweep
rs879142,17483391,,Incomplete Sweep
rs8102140,17484339,,Incomplete Sweep
rs11086076,17485714,,Incomplete Sweep
rs6743,17489587,,Incomplete Sweep
rs8104468,17489737,,Incomplete Sweep
rs2375592,17494932,,Incomplete Sweep
rs7251306,17513396,,Incomplete Sweep
rs3746317,17527919,,Incomplete Sweep
rs891184,17552751,,Incomplete Sweep
rs10422926,17561980,,Incomplete Sweep
rs10416963,17623890,,Incomplete Sweep
rs12978632,17634433,,Incomplete Sweep
rs6512211,17643217,,Incomplete Sweep
rs10419687,17650409,,Incomplete Sweep
rs10410487,17690608,,Incomplete Sweep
rs2287860,17705325,,Incomplete Sweep
rs7253117,17705894,,Incomplete Sweep
rs12151113,17720370,,Incomplete Sweep
rs12979056,17723131,,Incomplete Sweep
rs4808095,17741628,,Incomplete Sweep
rs2287859,17746270,,Incomplete Sweep
rs13345379,17748563,,Incomplete Sweep
rs265555,17756874,,Incomplete Sweep
rs265552,17761158,,Incomplete Sweep
rs265548,17763333,,Incomplete Sweep
rs4808100,17792497,,Incomplete Sweep
rs10419991,17799890,,Incomplete Sweep
rs7250332,17922509,,Incomplete Sweep
rs7252014,17941991,,Incomplete Sweep
rs8182587,17968913,,Incomplete Sweep
rs4808737,17978646,,Incomplete Sweep
rs7255640,17984617,,Incomplete Sweep
rs10426256,17985755,,Incomplete Sweep
rs91710,18002123,,Incomplete Sweep
rs12973060,18017315,,Incomplete Sweep
rs10422102,18018498,,Incomplete Sweep
rs10424480,18018551,,Incomplete Sweep
rs1870063,18031961,,Incomplete Sweep
rs372889,18034602,,Incomplete Sweep
rs7250425,18062756,,Incomplete Sweep
rs273504,18076247,,Incomplete Sweep
rs273506,18082646,,Incomplete Sweep
rs10401175,18091274,,Incomplete Sweep
rs740691,18095440,,Incomplete Sweep
rs2270623,18106511,,Incomplete Sweep
rs8108738,18116359,,Incomplete Sweep
rs3730179,18138205,,Incomplete Sweep
rs271831,18208539,,Incomplete Sweep
rs999813,18229809,,Incomplete Sweep
rs2277922,18237521,,Incomplete Sweep
rs1469023,18239218,,Incomplete Sweep
rs1075403,18245949,,Incomplete Sweep
rs12608504,18250134,,Incomplete Sweep
rs2227270,18281704,,Incomplete Sweep
rs749451,18340646,,Incomplete Sweep
rs4808814,18498610,,Incomplete Sweep
rs10854166,18513843,,Incomplete Sweep
rs8107912,18568048,,Incomplete Sweep
rs709679,18587856,,Incomplete Sweep
rs3795026,18641768,,Incomplete Sweep
rs4808844,18672966,,Incomplete Sweep
rs10423674,18678903,,Incomplete Sweep
rs757318,18681308,,Incomplete Sweep
rs2240013,18744783,,Incomplete Sweep
rs1024446,18820209,,Incomplete Sweep
rs2238658,18835199,,Incomplete Sweep
rs726407,18855637,,Incomplete Sweep
rs886853,18870469,,Incomplete Sweep
rs2074797,18872244,,Incomplete Sweep
rs3177137,18884853,,Incomplete Sweep
rs2231997,18893637,,Incomplete Sweep
rs4239638,18938385,,Incomplete Sweep
rs4808168,18942701,,Incomplete Sweep
rs2040562,19109106,,Incomplete Sweep
rs7253352,19114196,,Incomplete Sweep
rs7257072,19128989,,Incomplete Sweep
rs10896,19148928,,Incomplete Sweep
rs11085258,19150829,,Incomplete Sweep
rs2238669,19151114,,Incomplete Sweep
rs7247433,19656559,,Incomplete Sweep
rs8112048,19678749,,Incomplete Sweep
rs7246866,19683048,,Incomplete Sweep
rs8110890,19709485,,Incomplete Sweep
rs247784,19727889,,Incomplete Sweep
rs247782,19729879,,Incomplete Sweep
rs248943,19746076,,Incomplete Sweep
rs2192623,19942948,,Incomplete Sweep
rs1558612,19944791,,Incomplete Sweep
rs258578,19971319,,Incomplete Sweep
rs386976,19972134,,Incomplete Sweep
rs2335887,19986791,,Incomplete Sweep
rs12977293,19989389,,Incomplete Sweep
rs11666775,20024633,,Incomplete Sweep
rs2159922,20031214,,Incomplete Sweep
rs7250375,20334553,,Incomplete Sweep
rs10416706,20349698,,Incomplete Sweep
rs7251145,20447888,,Incomplete Sweep
rs10413625,20523385,,Incomplete Sweep
rs4809098,20664930,,Incomplete Sweep
rs7249876,20880696,,Incomplete Sweep
rs8104353,20896937,,Incomplete Sweep
rs9304979,20949974,,Incomplete Sweep
rs12976221,21075289,,Incomplete Sweep
rs7254094,21134926,,Incomplete Sweep
rs29724,21169444,,Incomplete Sweep
rs8101643,21176093,,Incomplete Sweep
rs2217343,21210981,,Incomplete Sweep
rs11085438,21219217,,Incomplete Sweep
rs7252759,21243405,,Incomplete Sweep
rs1781873,21269271,,Incomplete Sweep
rs2088762,21349675,,Incomplete Sweep
rs11085447,21360939,,Incomplete Sweep
rs7257857,21371378,,Incomplete Sweep
rs8107999,21378076,,Incomplete Sweep
rs2968084,21407739,,Incomplete Sweep
rs951162,21413220,,Incomplete Sweep
rs1401926,21532772,,Incomplete Sweep
rs4808279,21543849,,Incomplete Sweep
rs7255395,21587971,,Incomplete Sweep
rs7252706,21588783,,Incomplete Sweep
rs10413702,21657781,,Incomplete Sweep
rs1965611,21905037,,Incomplete Sweep
rs10426971,21950007,,Incomplete Sweep
rs417947,22015870,,Incomplete Sweep
rs3752163,22048236,,Incomplete Sweep
rs1036235,22071381,,Incomplete Sweep
rs8100438,22092843,,Incomplete Sweep
rs10419058,22101812,,Incomplete Sweep
rs7259269,22233010,,Incomplete Sweep
rs283142,22237491,,Incomplete Sweep
rs808372,22262208,,Incomplete Sweep
rs10409520,22304317,,Incomplete Sweep
rs11668269,22305800,,Incomplete Sweep
rs7259586,22329702,,Incomplete Sweep
rs2082480,22330490,,Incomplete Sweep
rs10418203,22358984,,Incomplete Sweep
rs10414591,22391962,,Incomplete Sweep
rs10420380,22392464,,Incomplete Sweep
rs10405295,22400396,,Incomplete Sweep
rs10418950,22402580,,Incomplete Sweep
rs10413967,22470521,,Incomplete Sweep
rs2163819,22484012,,Incomplete Sweep
rs12980509,22744786,,Incomplete Sweep
rs433830,22790902,,Incomplete Sweep
rs401589,22809276,,Incomplete Sweep
rs6511422,23184318,,Incomplete Sweep
rs7254300,23222276,,Incomplete Sweep
rs1044095,23337090,,Incomplete Sweep
rs1948438,23463766,,Incomplete Sweep
rs2640203,23477663,,Incomplete Sweep
rs9305005,23555004,,Incomplete Sweep
rs2099351,23555219,,Incomplete Sweep
rs11085589,23585110,,Incomplete Sweep
rs11671053,23628984,,Incomplete Sweep
rs4530290,23735083,,Incomplete Sweep
rs8109001,23793613,,Incomplete Sweep
rs12976709,23851795,,Incomplete Sweep
rs6511671,23852403,,Incomplete Sweep
rs13344851,23861024,,Incomplete Sweep
rs10401693,23862137,,Incomplete Sweep
rs11880679,23947841,,Incomplete Sweep
rs8104657,24008904,,Incomplete Sweep
rs10420762,24074071,,Incomplete Sweep
rs2278443,24138372,,Incomplete Sweep
rs7508396,24140765,,Incomplete Sweep
rs8100720,24150231,,Incomplete Sweep
rs985196,24159893,,Incomplete Sweep
rs4110083,24171423,,Incomplete Sweep
rs11670547,32675491,,Incomplete Sweep
rs3900417,32728584,,Incomplete Sweep
rs10426848,32836340,,Incomplete Sweep
rs2097765,32848506,,Incomplete Sweep
rs10406627,32877033,,Incomplete Sweep
rs1024728,32923590,,Incomplete Sweep
rs4805576,32949867,,Incomplete Sweep
rs7255207,33077763,0.3684579,Incomplete Sweep
rs2190800,33143105,0.20152622,Incomplete Sweep
rs4805001,33153828,0.16691858,Incomplete Sweep
rs4805798,33165692,,Incomplete Sweep
rs7248185,33184178,0.2377151,Incomplete Sweep
rs7359876,33189521,0.2540824,Incomplete Sweep
rs7248819,33232811,,Incomplete Sweep
rs12984120,33241850,0.19042723,Incomplete Sweep
rs12710035,33243081,0.19042723,Incomplete Sweep
rs7250467,33261241,0.27627203,Incomplete Sweep
rs745845,33261718,0.27627203,Incomplete Sweep
rs1834970,33307556,0.18773434,Incomplete Sweep
rs934108,33328071,0.16818462,Incomplete Sweep
rs8103145,33329039,0.16818462,Incomplete Sweep
rs8107727,33333035,0.2641435,Incomplete Sweep
rs1816243,33335806,0.23397188,Incomplete Sweep
rs2867882,33339428,0.17732999,Incomplete Sweep
rs7253468,33343542,0.17932895,Incomplete Sweep
rs10403316,33346457,0.19424039,Incomplete Sweep
rs4536581,33355650,0.30009112,Incomplete Sweep
rs10417832,33358771,0.33291435,Incomplete Sweep
rs8105259,33410500,,Incomplete Sweep
rs1840816,33413972,0.27103475,Incomplete Sweep
rs2002929,33434113,,Incomplete Sweep
rs11083422,33442325,,Incomplete Sweep
rs10403340,33465742,0.35975486,Incomplete Sweep
rs1840812,33466407,,Incomplete Sweep
rs10404655,33473562,0.2757271,Incomplete Sweep
rs10401492,33508778,0.31230652,Incomplete Sweep
rs7246484,33509346,0.31984776,Incomplete Sweep
rs347787,33514009,0.3640051,Incomplete Sweep
rs10424438,33524109,,Incomplete Sweep
rs11667498,33543711,0.379421,Incomplete Sweep
rs7250618,33589400,0.34186074,Incomplete Sweep
rs4806397,33601511,0.3404428,Incomplete Sweep
rs4806416,33621973,,Incomplete Sweep
rs7255960,33627596,0.17752877,Incomplete Sweep
rs7251331,33642044,0.20678304,Incomplete Sweep
rs2190832,33650091,,Incomplete Sweep
rs8106444,33651339,,Incomplete Sweep
rs1860080,33659415,,Incomplete Sweep
rs4805216,33661489,0.29149535,Incomplete Sweep
rs4804839,33675532,,Incomplete Sweep
rs10221456,33685199,,Incomplete Sweep
rs7254583,33824538,,Incomplete Sweep
rs11083654,33927650,0.30803964,Incomplete Sweep
rs2034125,33929449,0.32748702,Incomplete Sweep
rs11083656,33934258,0.30871725,Incomplete Sweep
rs12977927,33954771,,Incomplete Sweep
rs12985603,33982353,,Incomplete Sweep
rs759636,34042437,0.23600607,Incomplete Sweep
rs12980305,34050059,,Incomplete Sweep
rs10425332,34055927,0.28623766,Incomplete Sweep
rs7249269,34056748,0.29109105,Incomplete Sweep
rs11083726,34080827,0.20833379,Incomplete Sweep
rs4805298,34088183,0.27641177,Incomplete Sweep
rs4805303,34106471,,Incomplete Sweep
rs17716170,34181683,0.29646125,Incomplete Sweep
rs17691054,34182459,0.29646125,Incomplete Sweep
rs4805321,34199543,0.19695291,Incomplete Sweep
rs1865099,34204412,0.2922894,Incomplete Sweep
rs930224,34212128,,Incomplete Sweep
rs10418577,34217650,0.26470542,Incomplete Sweep
rs7252442,34237341,,Incomplete Sweep
rs4257324,34245888,0.2771853,Incomplete Sweep
rs1549944,34258974,0.1797668,Incomplete Sweep
rs6509228,34265527,0.16470228,Incomplete Sweep
rs7507140,34372678,0.34269795,Incomplete Sweep
rs4805356,34423645,,Incomplete Sweep
rs10408404,34431569,,Incomplete Sweep
rs888301,34453588,0.31681427,Incomplete Sweep
rs12460869,34456427,0.29131413,Incomplete Sweep
rs2865863,34473061,0.14776596,Incomplete Sweep
rs7408479,34476513,0.19072083,Incomplete Sweep
rs10404352,34479271,0.1637222,Incomplete Sweep
rs1012613,34488184,0.25100687,Incomplete Sweep
rs2012095,34493070,0.2294818,Incomplete Sweep
rs9789288,34498189,0.2325398,Incomplete Sweep
rs8113733,34499146,0.23395586,Incomplete Sweep
rs8103504,34500036,0.2663428,Incomplete Sweep
rs8108111,34501691,0.29296267,Incomplete Sweep
rs2865878,34517198,,Incomplete Sweep
rs8112403,34530631,,Incomplete Sweep
rs2865890,34539002,,Incomplete Sweep
rs1990391,34551004,0.30771697,Incomplete Sweep
rs10403684,34552727,0.28478357,Incomplete Sweep
rs7248884,34555502,0.29633123,Incomplete Sweep
rs1558363,34557153,0.2864582,Incomplete Sweep
rs4558517,34558833,0.27352443,Incomplete Sweep
rs8109600,34569168,0.28431702,Incomplete Sweep
rs13344206,34572547,0.25780982,Incomplete Sweep
rs10424195,34575417,,Incomplete Sweep
rs8110188,34593590,0.18269213,Incomplete Sweep
rs10853808,34611881,0.1363939,Incomplete Sweep
rs964315,34612613,0.13081332,Incomplete Sweep
rs10412776,34615853,0.121295616,Incomplete Sweep
rs10423905,34620693,0.18112528,Incomplete Sweep
rs4805406,34634203,0.167646,Incomplete Sweep
rs4805410,34639414,0.15392476,Incomplete Sweep
rs4315448,34641548,0.18742807,Incomplete Sweep
rs4805420,34665351,0.32434276,Incomplete Sweep
rs12460708,34690833,0.24965921,Incomplete Sweep
rs892071,34728921,0.24191512,Incomplete Sweep
rs734837,34732866,0.17419669,Incomplete Sweep
rs730427,34733393,0.17419669,Incomplete Sweep
rs4805441,34780133,0.056848343,Incomplete Sweep
rs891061,34794317,0.03347505,Incomplete Sweep
rs4804893,34794993,0.03347505,Incomplete Sweep
rs10411749,34797809,0.05574945,Incomplete Sweep
rs7283,34798499,0.05574945,Incomplete Sweep
rs12461972,34802337,0.07199173,Incomplete Sweep
rs10415705,34816993,,Incomplete Sweep
rs919400,34846924,0.41447407,Incomplete Sweep
rs8106145,34907923,0.21522193,Incomplete Sweep
rs1428752,34914181,0.1580108,Incomplete Sweep
rs12461902,34957075,,Incomplete Sweep
rs7257330,34993662,0.32351905,Incomplete Sweep
rs997669,34996322,0.30525783,Incomplete Sweep
rs34331990,35013401,,Incomplete Sweep
rs4805487,35028967,0.21523237,Incomplete Sweep
rs10419714,35037445,0.18801898,Incomplete Sweep
rs8113773,35041979,0.19900446,Incomplete Sweep
rs11672155,35049475,,Incomplete Sweep
rs34724,35060850,0.18754566,Incomplete Sweep
rs4805496,35070681,0.3269407,Incomplete Sweep
rs2080887,35110702,0.38254985,Incomplete Sweep
rs11084415,35289347,0.14324795,Incomplete Sweep
rs7259325,35302240,0.13461913,Incomplete Sweep
rs4804918,35305432,0.1531181,Incomplete Sweep
rs7248031,35445655,,Incomplete Sweep
rs7257017,35468876,0.33297038,Incomplete Sweep
rs17532968,35494894,,Incomplete Sweep
rs17611570,35501321,,Incomplete Sweep
rs10408846,35509753,,Incomplete Sweep
rs1433065,35519211,0.23273462,Incomplete Sweep
rs1019937,35528088,,Incomplete Sweep
rs7247350,35576247,,Incomplete Sweep
rs11666325,35599629,,Incomplete Sweep
rs1433071,35604937,0.24325167,Incomplete Sweep
rs10412132,35606251,,Incomplete Sweep
rs33435,35635295,0.22812891,Incomplete Sweep
rs8104210,35771109,0.22158581,Incomplete Sweep
rs2060241,35775924,0.25486103,Incomplete Sweep
rs12978649,35783936,,Incomplete Sweep
rs746961,35791729,,Incomplete Sweep
rs16964420,35802073,0.30035707,Incomplete Sweep
rs12974562,35829274,,Incomplete Sweep
rs12460988,35853961,,Incomplete Sweep
rs746668,35857109,0.37386116,Incomplete Sweep
rs1184398,35925188,0.33580497,Incomplete Sweep
rs1354137,35928335,0.3838837,Incomplete Sweep
rs1549951,35984183,,Incomplete Sweep
rs6510181,35984559,,Incomplete Sweep
rs934433,36000617,0.2866582,Incomplete Sweep
rs4341857,36014930,,Incomplete Sweep
rs17628152,36031460,0.37040597,Incomplete Sweep
rs10164405,36033122,0.37040597,Incomplete Sweep
rs4548998,36058906,0.16606468,Incomplete Sweep
rs715916,36076175,0.26723188,Incomplete Sweep
rs11084578,36451806,,Incomplete Sweep
rs10401918,36475058,0.1427,Incomplete Sweep
rs1078373,36492970,0.09522645,Incomplete Sweep
rs10412617,36494390,0.1217418,Incomplete Sweep
rs10404151,36500178,0.18225676,Incomplete Sweep
rs1027453,36512900,0.2539172,Incomplete Sweep
rs1039106,36524888,,Incomplete Sweep
rs12610813,36541887,0.31620944,Incomplete Sweep
rs17583023,36549618,,Incomplete Sweep
rs924151,36564110,0.30631137,Incomplete Sweep
rs2542279,36577884,0.36260986,Incomplete Sweep
rs8109101,36581253,0.36260986,Incomplete Sweep
rs8108330,36590115,,Incomplete Sweep
rs10406589,36614727,0.3694231,Incomplete Sweep
rs2052570,36616489,0.38404825,Incomplete Sweep
rs4804966,36625115,,Incomplete Sweep
rs8113581,36670548,,Incomplete Sweep
rs12980184,36680405,0.3804138,Incomplete Sweep
rs9676902,36681363,0.3804138,Incomplete Sweep
rs918584,36684289,,Incomplete Sweep
rs11878635,36688628,,Incomplete Sweep
rs7247132,36713432,0.30002156,Incomplete Sweep
rs8103067,36719255,,Incomplete Sweep
rs12973240,36730541,,Incomplete Sweep
rs11084596,36796819,,Incomplete Sweep
rs892037,36917139,,Incomplete Sweep
rs11084608,37133277,0.24551564,Incomplete Sweep
rs12982079,37136341,0.24279734,Incomplete Sweep
rs12982128,37136408,0.24279734,Incomplete Sweep
rs11673504,37138315,0.24635962,Incomplete Sweep
rs4805721,37265855,0.026564846,Incomplete Sweep
rs7257225,37267178,0.022069369,Incomplete Sweep
rs7256006,37271256,0.0734576,Incomplete Sweep
rs3816053,37286709,0.021452988,Incomplete Sweep
rs7250231,37348928,,Incomplete Sweep
rs1859957,37351179,,Incomplete Sweep
rs8101952,37366152,0.22139758,Incomplete Sweep
rs7260548,37369022,0.16379136,Incomplete Sweep
rs758638,37383872,0.23078789,Incomplete Sweep
rs8110947,37447630,,Incomplete Sweep
rs8105931,37501591,,Incomplete Sweep
rs7252763,37561918,,Incomplete Sweep
rs11668037,37574062,0.33352682,Incomplete Sweep
rs3810400,37587904,,Incomplete Sweep
rs881273,37874160,,Incomplete Sweep
rs7256750,37899485,,Incomplete Sweep
rs8102279,37913166,,Incomplete Sweep
rs4422091,37946608,,Incomplete Sweep
rs12608647,37956188,,Incomplete Sweep
rs11881633,37973764,,Incomplete Sweep
rs4805812,38006958,,Incomplete Sweep
rs1035478,38008163,0.4057369,Incomplete Sweep
rs2287879,38041327,0.3740182,Incomplete Sweep
rs1990990,38053633,0.3362866,Incomplete Sweep
rs2163807,38190818,,Incomplete Sweep
rs2241378,38394084,0.07467302,Incomplete Sweep
rs3786926,38406209,0.042932928,Incomplete Sweep
rs17694094,38415545,0.051984053,Incomplete Sweep
rs3922671,38418650,0.039934035,Incomplete Sweep
rs10405944,38419840,0.057158925,Incomplete Sweep
rs2081048,38445005,0.09246542,Incomplete Sweep
rs736289,38448901,0.02356122,Incomplete Sweep
rs11084721,38460853,0.025281249,Incomplete Sweep
rs10403561,38482341,,Incomplete Sweep
rs10427115,38538775,0.32751974,Incomplete Sweep
rs16967984,38540617,0.29933262,Incomplete Sweep
rs8109008,38542000,0.325484,Incomplete Sweep
rs8111294,38569589,0.207184,Incomplete Sweep
rs889140,38580840,,Incomplete Sweep
rs3786897,38584848,0.2119453,Incomplete Sweep
rs731839,38590905,,Incomplete Sweep
rs4805885,38597963,0.17706622,Incomplete Sweep
rs12461274,38599376,0.18309933,Incomplete Sweep
rs8182579,38601691,0.19741365,Incomplete Sweep
rs4362488,38606784,0.19126797,Incomplete Sweep
rs7248389,38624155,0.29175213,Incomplete Sweep
rs7258937,38630640,0.30919236,Incomplete Sweep
rs10425678,38669236,0.34831974,Incomplete Sweep
rs33824,38682279,0.26412594,Incomplete Sweep
rs33823,38692565,,Incomplete Sweep
rs33848,38716090,0.10590742,Incomplete Sweep
rs153703,38721538,0.061404686,Incomplete Sweep
rs153704,38724316,0.060402736,Incomplete Sweep
rs2278260,38740148,0.008816233,Incomplete Sweep
rs1529486,38747421,0.01677229,Incomplete Sweep
rs12979271,38758732,0.021189118,Incomplete Sweep
rs8112967,38808932,0.13901235,Incomplete Sweep
rs3848605,38818209,0.078668356,Incomplete Sweep
rs919358,38824262,0.11274226,Incomplete Sweep
rs284327,38898575,0.10433743,Incomplete Sweep
rs284328,38898993,0.10102904,Incomplete Sweep
rs284670,38902289,0.14234287,Incomplete Sweep
rs284669,38902622,0.14234287,Incomplete Sweep
rs284683,38911711,0.17064041,Incomplete Sweep
rs284690,38922920,0.14353326,Incomplete Sweep
rs284688,38923381,0.14353326,Incomplete Sweep
rs176174,38924012,0.15033,Incomplete Sweep
rs369298,38934195,,Incomplete Sweep
rs285694,38952828,,Incomplete Sweep
rs1139231,38980042,0.20316109,Incomplete Sweep
rs4805059,38986740,0.24226937,Incomplete Sweep
rs256335,39007736,,Incomplete Sweep
rs4805959,39119005,0.12894332,Incomplete Sweep
rs244763,39250452,0.2634872,Incomplete Sweep
rs244765,39250605,0.26033625,Incomplete Sweep
rs244772,39266063,0.2953636,Incomplete Sweep
rs634451,39268876,0.28759697,Incomplete Sweep
rs554438,39278697,0.19347735,Incomplete Sweep
rs526251,39283500,0.2321967,Incomplete Sweep
rs8100126,39302181,,Incomplete Sweep
rs618940,39328412,,Incomplete Sweep
rs608629,39334976,,Incomplete Sweep
rs520194,39383289,,Incomplete Sweep
rs12977645,39424411,0.382965,Incomplete Sweep
rs1862491,39695084,,Incomplete Sweep
rs10853940,39738708,0.3738256,Incomplete Sweep
rs2199640,39752077,,Incomplete Sweep
rs2126968,39774235,0.28431296,Incomplete Sweep
rs931065,39782509,0.28754106,Incomplete Sweep
rs7259736,39788103,,Incomplete Sweep
rs11671675,39830096,0.30532238,Incomplete Sweep
rs11667547,39844231,,Incomplete Sweep
rs12459103,39915068,0.3756154,Incomplete Sweep
rs11084786,39974021,0.2069512,Incomplete Sweep
rs11670866,39986225,0.20721833,Incomplete Sweep
rs11084787,39990187,0.24978045,Incomplete Sweep
rs3746236,39990801,0.22051269,Incomplete Sweep
rs4805097,39993928,0.1764909,Incomplete Sweep
rs7259504,39999707,0.28878623,Incomplete Sweep
rs7250748,40003810,0.27298543,Incomplete Sweep
rs7245643,40015331,,Incomplete Sweep
rs8106116,40034761,,Incomplete Sweep
rs2546001,40112681,0.3574817,Incomplete Sweep
rs1811,40126078,0.24370475,Incomplete Sweep
rs2651109,40126352,0.24370475,Incomplete Sweep
rs1345658,40126846,0.2402573,Incomplete Sweep
rs1063235,40140643,0.24381202,Incomplete Sweep
rs2651079,40142069,0.25979888,Incomplete Sweep
rs2546027,40146055,0.27895415,Incomplete Sweep
rs295771,40164257,0.26184544,Incomplete Sweep
rs1687982,40262147,0.10175521,Incomplete Sweep
rs4806078,40269183,0.0711235,Incomplete Sweep
rs7250814,40269710,0.0711235,Incomplete Sweep
rs921935,40292350,0.02130627,Incomplete Sweep
rs1688021,40299988,0.10513925,Incomplete Sweep
rs1688017,40305463,0.13044994,Incomplete Sweep
rs14358,40307835,0.14351308,Incomplete Sweep
rs11666576,40316730,,Incomplete Sweep
rs12461849,40324474,,Incomplete Sweep
rs8105262,40327737,,Incomplete Sweep
rs2285515,40352289,0.06309227,Incomplete Sweep
rs1046294,40352386,0.05793265,Incomplete Sweep
rs8107155,40397177,,Incomplete Sweep
rs12986103,40403559,0.14452253,Incomplete Sweep
rs11673347,40411096,0.1655247,Incomplete Sweep
rs2853330,40430123,0.30927998,Incomplete Sweep
rs2853336,40438639,0.34335765,Incomplete Sweep
rs7251432,40467281,0.25348476,Incomplete Sweep
rs12975589,40531569,0.06537105,Incomplete Sweep
rs12609605,40574327,0.17304878,Incomplete Sweep
rs4806155,40613106,0.091462046,Incomplete Sweep
rs7254596,40615218,0.1264608,Incomplete Sweep
rs7253076,40646481,0.1741501,Incomplete Sweep
rs6510490,40669149,0.20487037,Incomplete Sweep
rs1007568,40672672,0.20514068,Incomplete Sweep
rs2293695,40683213,0.11253968,Incomplete Sweep
rs4805127,40699109,0.083670385,Incomplete Sweep
rs8112614,40761335,0.06913374,Incomplete Sweep
rs1033330,40761472,0.10968642,Incomplete Sweep
rs11667766,40763611,0.10968642,Incomplete Sweep
rs756783,40771544,0.19736283,Incomplete Sweep
rs10410294,40789168,,Incomplete Sweep
rs8110747,40795357,0.27985263,Incomplete Sweep
rs10422762,40849007,0.32163322,Incomplete Sweep
rs10401695,40852674,0.31739008,Incomplete Sweep
rs107068,40896530,0.37349048,Incomplete Sweep
rs179570,40943166,,Incomplete Sweep
rs807485,40957348,0.28475088,Incomplete Sweep
rs120960,40968607,,Incomplete Sweep
rs11671781,40987214,0.22510417,Incomplete Sweep
rs11084831,41011545,0.34017283,Incomplete Sweep
rs2071327,41014110,0.44444057,Incomplete Sweep
rs9807812,41159572,0.23469034,Incomplete Sweep
rs909137,41161337,0.19435726,Incomplete Sweep
rs10469279,41187961,0.31637368,Incomplete Sweep
rs7247057,41215830,0.3762416,Incomplete Sweep
rs1009381,41229799,,Incomplete Sweep
rs7245762,41255589,,Incomplete Sweep
rs7246292,41264404,0.34930503,Incomplete Sweep
rs757223,41266638,0.34930503,Incomplete Sweep
rs2231568,41297634,0.22103354,Incomplete Sweep
rs2072606,41304066,,Incomplete Sweep
rs12981698,41311232,,Incomplete Sweep
rs10410162,41319629,0.20952275,Incomplete Sweep
rs2112971,41358007,,Incomplete Sweep
rs4805162,41366145,0.26929224,Incomplete Sweep
rs8102020,41377530,,Incomplete Sweep
rs2070132,41419205,0.37168235,Incomplete Sweep
rs2972527,41438065,,Incomplete Sweep
rs7253462,41450334,,Incomplete Sweep
rs2945945,41548219,0.36547804,Incomplete Sweep
rs2945972,41562468,,Incomplete Sweep
rs2967517,41574668,0.38422784,Incomplete Sweep
rs2945961,41575284,0.37600145,Incomplete Sweep
rs7246106,41596618,0.38019297,Incomplete Sweep
rs2912420,41647950,,Incomplete Sweep
rs2967436,41739312,0.3880909,Incomplete Sweep
rs3108582,41913675,,Incomplete Sweep
rs1726703,41977210,,Incomplete Sweep
rs1035441,42045631,,Incomplete Sweep
rs544964,42101401,,Incomplete Sweep
rs533863,42128053,0.31544524,Incomplete Sweep
rs571294,42132951,0.32252216,Incomplete Sweep
rs1644634,42133820,0.3368518,Incomplete Sweep
rs1667337,42159352,,Incomplete Sweep
rs1644685,42176489,,Incomplete Sweep
rs7254411,42217711,,Incomplete Sweep
rs7245453,42226189,,Incomplete Sweep
rs7248948,42239059,,Incomplete Sweep
rs4254428,42276490,,Incomplete Sweep
rs6510588,42289235,,Incomplete Sweep
rs4239587,42318953,,Incomplete Sweep
rs7255724,42341417,,Incomplete Sweep
rs256735,42557883,0.3959213,Incomplete Sweep
rs256733,42567471,,Incomplete Sweep
rs2385181,42578170,,Incomplete Sweep
rs10422527,42586308,,Incomplete Sweep
rs10419281,42642093,,Incomplete Sweep
rs17246792,42876102,0.39571854,Incomplete Sweep
rs11083433,42901141,,Incomplete Sweep
rs3910952,42984209,,Incomplete Sweep
rs833917,43164184,0.26838294,Incomplete Sweep
rs833912,43167215,0.258446,Incomplete Sweep
rs7249265,43244278,0.3588642,Incomplete Sweep
rs855620,43256925,,Incomplete Sweep
rs1725489,43269866,,Incomplete Sweep
rs1725474,43276212,0.3903957,Incomplete Sweep
rs8111180,43322000,,Incomplete Sweep
rs8107385,43324592,,Incomplete Sweep
rs332864,43344833,0.33615026,Incomplete Sweep
rs332861,43347821,0.36067054,Incomplete Sweep
rs332839,43367882,,Incomplete Sweep
rs2278429,43375145,,Incomplete Sweep
rs10419131,43388554,0.1775707,Incomplete Sweep
rs3745946,43388894,0.1775707,Incomplete Sweep
rs2278431,43398829,0.2063482,Incomplete Sweep
rs2384780,43400810,0.2348637,Incomplete Sweep
rs7253473,43409218,,Incomplete Sweep
rs8102476,43427452,,Incomplete Sweep
rs12976534,43435802,0.28515616,Incomplete Sweep
rs12610267,43436573,0.28515616,Incomplete Sweep
rs11668070,43440753,0.28389752,Incomplete Sweep
rs10048529,43454845,0.32687676,Incomplete Sweep
rs8101725,43456911,0.34195244,Incomplete Sweep
rs1052375,43553173,0.37974605,Incomplete Sweep
rs10407327,43627788,,Incomplete Sweep
rs11083462,43651520,0.26771206,Incomplete Sweep
rs10409638,43667136,,Incomplete Sweep
rs10424568,43830788,,Incomplete Sweep
rs979971,43836084,,Incomplete Sweep
rs3786835,43847720,,Incomplete Sweep
rs11083473,43871774,,Incomplete Sweep
rs8107416,43929790,0.27721468,Incomplete Sweep
rs7248584,43949950,0.35731387,Incomplete Sweep
rs1966961,43952310,0.3352386,Incomplete Sweep
rs4802887,43988159,0.23620822,Incomplete Sweep
rs2075588,43998265,0.18432216,Incomplete Sweep
rs1078734,44000714,0.22159898,Incomplete Sweep
rs7248208,44009846,,Incomplete Sweep
rs9419,44013927,0.3132025,Incomplete Sweep
rs10403012,44021898,0.31974593,Incomplete Sweep
rs10424892,44058274,0.29912654,Incomplete Sweep
rs1529713,44058739,0.27949265,Incomplete Sweep
rs892034,44060838,0.27949265,Incomplete Sweep
rs10410544,44077371,,Incomplete Sweep
rs4803006,44083386,0.056906637,Incomplete Sweep
rs10401843,44141353,0.2832636,Incomplete Sweep
rs934421,44151202,,Incomplete Sweep
rs10415667,44166003,,Incomplete Sweep
rs678885,44175390,,Incomplete Sweep
rs7259473,44184850,,Incomplete Sweep
rs12610248,44193390,,Incomplete Sweep
rs6508841,44206684,0.34456795,Incomplete Sweep
rs1840745,44217752,,Incomplete Sweep
rs10417436,44220772,,Incomplete Sweep
rs7259197,44233929,0.21561769,Incomplete Sweep
rs576261,44251647,,Incomplete Sweep
rs7250361,44269204,0.26438203,Incomplete Sweep
rs7247078,44285672,,Incomplete Sweep
rs692191,44314686,,Incomplete Sweep
rs7257109,44354747,,Incomplete Sweep
rs9676717,44369918,,Incomplete Sweep
rs8109886,44434601,0.27168822,Incomplete Sweep
rs1368442,44527009,,Incomplete Sweep
rs11665711,44577652,0.20130116,Incomplete Sweep
rs35686858,44594179,0.11767882,Incomplete Sweep
rs31725,44606148,0.17088264,Incomplete Sweep
rs31726,44606588,0.1416053,Incomplete Sweep
rs1529733,44641604,,Incomplete Sweep
rs4802030,44648870,0.3079845,Incomplete Sweep
rs1865094,44668809,0.32561213,Incomplete Sweep
rs3212276,44689312,0.16741595,Incomplete Sweep
rs4803256,44705783,0.21617173,Incomplete Sweep
rs10414890,44798228,,Incomplete Sweep
rs6508902,44874435,,Incomplete Sweep
rs3810396,44881178,0.31573936,Incomplete Sweep
rs10421474,44926847,0.41936117,Incomplete Sweep
rs4141230,44928896,0.2384816,Incomplete Sweep
rs2354477,44948928,0.13951972,Incomplete Sweep
rs8101654,44953464,0.1279336,Incomplete Sweep
rs3810386,44998406,0.3534583,Incomplete Sweep
rs3810383,45007242,,Incomplete Sweep
rs2072290,45016856,0.30440322,Incomplete Sweep
rs12975624,45026877,0.20060962,Incomplete Sweep
rs12986299,45030046,0.16248749,Incomplete Sweep
rs10422312,45054412,0.30236354,Incomplete Sweep
rs892117,45403172,,Incomplete Sweep
rs34894858,45408491,,Incomplete Sweep
rs2368575,45511727,0.39370328,Incomplete Sweep
rs4479364,45516128,,Incomplete Sweep
rs4490097,45553563,,Incomplete Sweep
rs268673,45593336,0.38795343,Incomplete Sweep
rs268672,45593444,0.38795343,Incomplete Sweep
rs268687,45621203,0.31298408,Incomplete Sweep
rs166539,45623557,0.3308165,Incomplete Sweep
rs268691,45641512,0.3479222,Incomplete Sweep
rs10411033,45667322,,Incomplete Sweep
rs1461008,45726752,0.31614175,Incomplete Sweep
rs814501,45730414,,Incomplete Sweep
rs843777,45748632,0.3641162,Incomplete Sweep
rs410101,45782030,0.22277933,Incomplete Sweep
rs393569,45786678,0.20341215,Incomplete Sweep
rs1864074,45796699,0.12465494,Incomplete Sweep
rs10410606,45800815,0.1488001,Incomplete Sweep
rs1131620,45809709,0.17641371,Incomplete Sweep
rs1051303,45809895,0.17641371,Incomplete Sweep
rs7259067,45816770,0.24807832,Incomplete Sweep
rs7259237,45816999,0.24807832,Incomplete Sweep
rs11668767,45820149,0.2510294,Incomplete Sweep
rs7257696,45820551,0.2510294,Incomplete Sweep
rs7254268,45833274,,Incomplete Sweep
rs3865452,45902896,,Incomplete Sweep
rs2604913,45910451,,Incomplete Sweep
rs2561530,45916154,0.20209998,Incomplete Sweep
rs7257602,45916738,0.18674242,Incomplete Sweep
rs7248468,45932151,,Incomplete Sweep
rs2290693,45937582,0.21609753,Incomplete Sweep
rs3745216,45941348,0.22863705,Incomplete Sweep
rs1870086,45948359,0.27163094,Incomplete Sweep
rs2279011,45961128,0.3394365,Incomplete Sweep
rs7937,45994545,0.33081183,Incomplete Sweep
rs7252852,46095164,,Incomplete Sweep
rs2014141,46191828,0.32296747,Incomplete Sweep
rs4803417,46199859,0.30437428,Incomplete Sweep
rs11666982,46223207,0.22144915,Incomplete Sweep
rs11672085,46265963,,Incomplete Sweep
rs305998,46279136,,Incomplete Sweep
rs338598,46393368,0.3099951,Incomplete Sweep
rs338594,46395500,0.28133598,Incomplete Sweep
rs338593,46396144,0.28133598,Incomplete Sweep
rs4802111,46425899,0.2642398,Incomplete Sweep
rs4803455,46543348,0.33033118,Incomplete Sweep
rs1046909,46574552,,Incomplete Sweep
rs11879090,46609100,,Incomplete Sweep
rs284653,46620541,0.21765585,Incomplete Sweep
rs7260605,46639475,0.24197152,Incomplete Sweep
rs8111279,46820042,0.2379282,Incomplete Sweep
rs3859460,46824869,0.2653987,Incomplete Sweep
rs2109075,46844069,,Incomplete Sweep
rs2215284,46867000,,Incomplete Sweep
rs1860329,46880231,0.34666488,Incomplete Sweep
rs3928916,46899464,0.31217188,Incomplete Sweep
rs8104958,47032645,0.38588703,Incomplete Sweep
rs10404939,47033698,0.38588703,Incomplete Sweep
rs2290695,47034159,0.38588703,Incomplete Sweep
rs2305809,47046469,,Incomplete Sweep
rs6509002,47049909,,Incomplete Sweep
rs2075750,47065519,,Incomplete Sweep
rs10417985,47068973,,Incomplete Sweep
rs3826706,47485429,,Incomplete Sweep
rs1206032,47563136,,Incomplete Sweep
rs8110598,47632899,,Incomplete Sweep
rs7250302,48272588,,Incomplete Sweep
rs7259375,48576925,,Incomplete Sweep
rs8109124,48593671,,Incomplete Sweep
rs2260219,48658987,0.24713261,Incomplete Sweep
rs1125030,48691473,0.32515678,Incomplete Sweep
rs2682547,48692896,0.37619698,Incomplete Sweep
rs2682563,48729167,,Incomplete Sweep
rs2030404,48735287,,Incomplete Sweep
rs3213356,48750078,0.2711314,Incomplete Sweep
rs3213263,48767993,0.2520899,Incomplete Sweep
rs3817,48782034,0.25849143,Incomplete Sweep
rs1860149,48810519,,Incomplete Sweep
rs3046,48816574,0.2766866,Incomplete Sweep
rs2239372,48854793,0.03975765,Incomplete Sweep
rs344783,48864027,0.020862546,Incomplete Sweep
rs346047,48882466,0.11515144,Incomplete Sweep
rs3760982,48978353,,Incomplete Sweep
rs1386502,48985196,,Incomplete Sweep
rs349046,48992466,0.12375598,Incomplete Sweep
rs349049,48993240,0.11180208,Incomplete Sweep
rs349050,48993265,0.11180208,Incomplete Sweep
rs10416177,48993383,0.113686144,Incomplete Sweep
rs11547806,48994905,0.16075599,Incomplete Sweep
rs2356400,49013616,0.20849416,Incomplete Sweep
rs349030,49023650,,Incomplete Sweep
rs12977303,49069509,,Incomplete Sweep
rs171238,49071394,,Incomplete Sweep
rs1978723,49075640,,Incomplete Sweep
rs239938,49082145,,Incomplete Sweep
rs423765,49108039,,Incomplete Sweep
rs417699,49109415,,Incomplete Sweep
rs407731,49109917,,Incomplete Sweep
rs425221,49110384,,Incomplete Sweep
rs388706,49110533,,Incomplete Sweep
rs399098,49110664,,Incomplete Sweep
rs444816,49130206,,Incomplete Sweep
rs7255894,49157325,0.3536132,Incomplete Sweep
rs381872,49157996,0.36742824,Incomplete Sweep
rs397276,49159245,0.33621103,Incomplete Sweep
rs415499,49181864,0.29052517,Incomplete Sweep
rs1236711,49329671,0.32758287,Incomplete Sweep
rs12609635,49352807,,Incomplete Sweep
rs11671074,49495959,,Incomplete Sweep
rs2722722,49524715,0.37552613,Incomplete Sweep
rs2571104,49532629,,Incomplete Sweep
rs7251134,49545547,,Incomplete Sweep
rs2571081,49567157,,Incomplete Sweep
rs204547,49639023,0.2947781,Incomplete Sweep
rs204541,49646953,0.17252599,Incomplete Sweep
rs2571042,49678542,,Incomplete Sweep
rs892596,49695106,0.16101812,Incomplete Sweep
rs8100718,49707956,0.12159199,Incomplete Sweep
rs11670955,49714537,0.020976875,Incomplete Sweep
rs7260180,49720009,,Incomplete Sweep
rs12461127,49744441,0.06833793,Incomplete Sweep
rs4468734,49778786,,Incomplete Sweep
rs1997231,49812876,0.2655676,Incomplete Sweep
rs2357107,49824204,,Incomplete Sweep
rs2965155,49880311,0.215863,Incomplete Sweep
rs4802234,49914440,,Incomplete Sweep
rs1004165,49924045,0.21775487,Incomplete Sweep
rs2965174,49936854,0.27231893,Incomplete Sweep
rs1871045,50018607,0.29572222,Incomplete Sweep
rs10426423,50040093,,Incomplete Sweep
rs1871047,50043585,,Incomplete Sweep
rs4803766,50063007,0.1345988,Incomplete Sweep
rs1160985,50095251,0.1326844,Incomplete Sweep
rs405509,50100675,0.1956013,Incomplete Sweep
rs439401,50106290,0.2005577,Incomplete Sweep
rs5157,50139000,0.31202874,Incomplete Sweep
rs1132899,50139875,0.36824003,Incomplete Sweep
rs2288911,50141123,0.36824003,Incomplete Sweep
rs3760627,50149019,0.34344366,Incomplete Sweep
rs204905,50152604,0.31475997,Incomplete Sweep
rs2288918,50220639,,Incomplete Sweep
rs1560725,50235626,0.29085574,Incomplete Sweep
rs2163842,50240342,0.33092895,Incomplete Sweep
rs10416445,50248502,,Incomplete Sweep
rs2304195,50254711,0.30017254,Incomplete Sweep
rs10419815,50260849,,Incomplete Sweep
rs1469704,50281435,,Incomplete Sweep
rs3745157,50286435,,Incomplete Sweep
rs7251736,50310742,,Incomplete Sweep
rs8109620,50354299,0.38917518,Incomplete Sweep
rs2159324,50387578,0.2922066,Incomplete Sweep
rs11667430,50408037,,Incomplete Sweep
rs346751,50426273,,Incomplete Sweep
rs346750,50429058,,Incomplete Sweep
rs123187,50522786,,Incomplete Sweep
rs12972151,50527823,,Incomplete Sweep
rs13181,50546758,0.19335754,Incomplete Sweep
rs50871,50554354,,Incomplete Sweep
rs171140,50556841,,Incomplete Sweep
rs1618536,50563445,,Incomplete Sweep
rs11878644,50568807,,Incomplete Sweep
rs2276469,50666432,0.1863294,Incomplete Sweep
rs8103655,50673295,0.2808581,Incomplete Sweep
rs7250901,50678729,,Incomplete Sweep
rs4511641,50685408,0.27691916,Incomplete Sweep
rs8099878,50711440,,Incomplete Sweep
rs2239378,50713354,,Incomplete Sweep
rs11083772,50742600,,Incomplete Sweep
rs7256951,50768066,0.35127208,Incomplete Sweep
rs10411518,50797038,,Incomplete Sweep
rs2286756,50836865,0.2456556,Incomplete Sweep
rs10408179,50848843,0.19304533,Incomplete Sweep
rs11668847,50902205,0.3276802,Incomplete Sweep
rs2041975,50930395,,Incomplete Sweep
rs522769,50976359,0.38929597,Incomplete Sweep
rs12463359,50996425,,Incomplete Sweep
rs16980051,51037726,0.39641717,Incomplete Sweep
rs12460033,51098538,,Incomplete Sweep
rs12461550,51106074,0.19725007,Incomplete Sweep
rs10500293,51123478,0.15257825,Incomplete Sweep
rs12610687,51165416,0.374601,Incomplete Sweep
rs749818,51188633,,Incomplete Sweep
rs4803880,51192134,0.2264943,Incomplete Sweep
rs8102495,51201419,0.14027387,Incomplete Sweep
rs2341891,51249393,0.24577437,Incomplete Sweep
rs8111075,51252350,0.28282806,Incomplete Sweep
rs8101445,51255493,0.2863923,Incomplete Sweep
rs4803895,51257321,0.29291266,Incomplete Sweep
rs7250786,51263508,,Incomplete Sweep
rs4802289,51282315,,Incomplete Sweep
rs11666311,51328940,,Incomplete Sweep
rs12151345,51337042,0.37611094,Incomplete Sweep
rs9304656,51338776,0.37904853,Incomplete Sweep
rs12459451,51362749,,Incomplete Sweep
rs10439109,51367024,,Incomplete Sweep
rs2253940,51405037,0.39584678,Incomplete Sweep
rs12971702,51408556,0.33045697,Incomplete Sweep
rs7255414,51412504,0.34979144,Incomplete Sweep
rs1001609,51420697,0.35968357,Incomplete Sweep
rs2017924,51421138,0.34896514,Incomplete Sweep
rs1008591,51422454,0.33143118,Incomplete Sweep
rs2286804,51426095,0.29507437,Incomplete Sweep
rs4803913,51460593,,Incomplete Sweep
rs4803919,51475096,0.1852686,Incomplete Sweep
rs7257842,51476600,0.1852686,Incomplete Sweep
rs8104475,51478246,0.21522167,Incomplete Sweep
rs10404903,51543766,0.3713777,Incomplete Sweep
rs2239379,51550401,0.35552433,Incomplete Sweep
rs11670522,51577817,0.18975379,Incomplete Sweep
rs3764613,51588057,0.14812963,Incomplete Sweep
rs11670069,51589699,0.14812963,Incomplete Sweep
rs4803941,51592664,0.12111498,Incomplete Sweep
rs453394,51615592,0.1394491,Incomplete Sweep
rs11083825,51618507,0.23192349,Incomplete Sweep
rs11671212,51645328,0.30566972,Incomplete Sweep
rs2288913,51676049,,Incomplete Sweep
rs6509283,51712404,,Incomplete Sweep
rs11668571,51729460,0.14643304,Incomplete Sweep
rs7259810,51795267,,Incomplete Sweep
rs10113,51804487,0.22687393,Incomplete Sweep
rs1005774,51829002,0.18190047,Incomplete Sweep
rs314669,51859969,0.22581519,Incomplete Sweep
rs314666,51868665,,Incomplete Sweep
rs3848528,51909941,0.32996976,Incomplete Sweep
rs3786705,51916447,0.34379393,Incomplete Sweep
rs312183,52000506,0.23116721,Incomplete Sweep
rs415530,52049715,,Incomplete Sweep
rs425655,52063456,,Incomplete Sweep
rs311371,52138998,,Incomplete Sweep
rs1862499,52241631,0.1254726,Incomplete Sweep
rs8101491,52334620,,Incomplete Sweep
rs10407441,52422955,,Incomplete Sweep
rs2032809,52428055,,Incomplete Sweep
rs10414428,52432331,0.30425245,Incomplete Sweep
rs4804031,52440799,,Incomplete Sweep
rs2302985,52453382,,Incomplete Sweep
rs888836,52466611,,Incomplete Sweep
rs10853784,52485025,,Incomplete Sweep
rs12976740,52615940,0.30840638,Incomplete Sweep
rs2293424,52671965,0.36697608,Incomplete Sweep
rs3786521,52704810,0.4063482,Incomplete Sweep
rs2341000,52774852,,Incomplete Sweep
rs2914439,52874319,0.27325243,Incomplete Sweep
rs2914436,52876568,0.24965334,Incomplete Sweep
rs2162937,52899967,,Incomplete Sweep
rs2099102,52907445,,Incomplete Sweep
rs7252008,52916233,,Incomplete Sweep
rs6509337,52923385,0.15917523,Incomplete Sweep
rs11672818,52924058,0.15917523,Incomplete Sweep
rs10411441,52925939,0.25347313,Incomplete Sweep
rs2334295,52955447,0.29233682,Incomplete Sweep
rs3786777,52977974,0.27516693,Incomplete Sweep
rs8106690,52989690,0.21851021,Incomplete Sweep
rs12462695,52996557,0.09132234,Incomplete Sweep
rs10403102,53009704,,Incomplete Sweep
rs11666029,53015545,0.10391613,Incomplete Sweep
rs4802392,53017224,0.073581725,Incomplete Sweep
rs8112377,53018190,0.073581725,Incomplete Sweep
rs3760819,53028740,0.100628264,Incomplete Sweep
rs4483956,53048964,0.18457527,Incomplete Sweep
rs296364,53067509,0.20903365,Incomplete Sweep
rs2972515,53156790,0.2974751,Incomplete Sweep
rs10405393,53163234,0.29456556,Incomplete Sweep
rs6509349,53169921,0.14201063,Incomplete Sweep
rs12052135,53190149,0.02359425,Incomplete Sweep
rs10412317,53199532,0.020376267,Incomplete Sweep
rs12975551,53199818,0.011567392,Incomplete Sweep
rs9304671,53200799,0.007817301,Incomplete Sweep
rs2303690,53217319,0.012533869,Incomplete Sweep
rs1366442,53261520,0.14796817,Incomplete Sweep
rs7251954,53275051,0.028677396,Incomplete Sweep
rs11564552,53283995,0.10309855,Incomplete Sweep
rs156631,53290634,0.22626492,Incomplete Sweep
rs2288883,53328346,,Incomplete Sweep
rs20580,53346364,0.34341338,Incomplete Sweep
rs2163619,53350744,0.32526076,Incomplete Sweep
rs11665831,53402009,0.34252185,Incomplete Sweep
rs1062808,53403288,0.29579318,Incomplete Sweep
rs4802445,53404530,0.2782437,Incomplete Sweep
rs3745718,53406964,0.28835955,Incomplete Sweep
rs17294094,53412738,0.2676472,Incomplete Sweep
rs16981829,53417235,0.2390777,Incomplete Sweep
rs11083925,53424629,0.24484193,Incomplete Sweep
rs12984929,53437120,0.12047577,Incomplete Sweep
rs4801754,53456669,0.20474598,Incomplete Sweep
rs1504520,53475055,,Incomplete Sweep
rs2380123,53485502,0.25248185,Incomplete Sweep
rs8182501,53521040,,Incomplete Sweep
rs275837,53568002,,Incomplete Sweep
rs433956,53583349,,Incomplete Sweep
rs276711,53611750,,Incomplete Sweep
rs2544800,53763568,0.11782647,Incomplete Sweep
rs11083944,53764077,0.10875005,Incomplete Sweep
rs3760800,53768414,0.04783299,Incomplete Sweep
rs3760802,53768498,0.04783299,Incomplete Sweep
rs3826827,53768734,0.03995884,Incomplete Sweep
rs6509396,53775304,0.045967057,Incomplete Sweep
rs12460535,53790561,0.03951073,Incomplete Sweep
rs4149455,53793767,0.046031825,Incomplete Sweep
rs1132054,53794210,0.044404242,Incomplete Sweep
rs10410524,53794593,0.058384575,Incomplete Sweep
rs8111500,53844767,0.32522905,Incomplete Sweep
rs414299,53847570,0.35964546,Incomplete Sweep
rs371690,53858687,,Incomplete Sweep
rs281393,53916295,,Incomplete Sweep
rs2307019,53936031,0.36012855,Incomplete Sweep
rs8108136,53939504,0.35905913,Incomplete Sweep
rs8108468,53939597,0.35905913,Incomplete Sweep
rs12975781,53941510,,Incomplete Sweep
rs8102032,53941606,,Incomplete Sweep
rs8104897,53941625,,Incomplete Sweep
rs8105137,53941699,,Incomplete Sweep
rs4801774,53971423,0.29185706,Incomplete Sweep
rs492734,53977807,,Incomplete Sweep
rs473464,54026060,0.26618975,Incomplete Sweep
rs746075,54108748,0.24852557,Incomplete Sweep
rs11083956,54144273,0.33185104,Incomplete Sweep
rs11667229,54147812,0.3171354,Incomplete Sweep
rs905238,54157195,0.2640532,Incomplete Sweep
rs918546,54157772,0.2797724,Incomplete Sweep
rs753307,54210296,0.36084512,Incomplete Sweep
rs3810177,54226835,,Incomplete Sweep
rs4002419,54245943,,Incomplete Sweep
rs11083959,54265017,0.27524936,Incomplete Sweep
rs7250446,54286819,,Incomplete Sweep
rs2303053,54331814,0.13661733,Incomplete Sweep
rs2303054,54332106,0.13661733,Incomplete Sweep
rs7246646,54335349,0.10685272,Incomplete Sweep
rs9304680,54342854,,Incomplete Sweep
rs2278004,54346233,0.21807018,Incomplete Sweep
rs3745298,54350179,0.23646893,Incomplete Sweep
rs3745299,54350202,0.23646893,Incomplete Sweep
rs3745300,54350687,0.21774386,Incomplete Sweep
rs3848549,54419808,,Incomplete Sweep
rs4318314,54437101,,Incomplete Sweep
rs352815,54446871,,Incomplete Sweep
rs171342,54493318,0.33574185,Incomplete Sweep
rs1654313,54526266,0.33891046,Incomplete Sweep
rs12104362,54555521,,Incomplete Sweep
rs7249190,54561352,0.37779778,Incomplete Sweep
rs9304684,54583334,,Incomplete Sweep
rs4802602,54589761,0.3873212,Incomplete Sweep
rs10405154,54590888,0.3873212,Incomplete Sweep
rs10421748,54593130,0.3525248,Incomplete Sweep
rs11669675,54617020,,Incomplete Sweep
rs12975598,54640025,0.10494835,Incomplete Sweep
rs17206882,54647765,0.14149572,Incomplete Sweep
rs12984428,54891428,0.26811257,Incomplete Sweep
rs6509443,54936708,,Incomplete Sweep
rs7251463,54993357,,Incomplete Sweep
rs10421754,54996251,,Incomplete Sweep
rs2305919,55007509,,Incomplete Sweep
rs1290650,55021495,,Incomplete Sweep
rs1290652,55027683,0.283703,Incomplete Sweep
rs921470,55034940,,Incomplete Sweep
rs1290646,55054986,,Incomplete Sweep
rs4802634,55069568,0.31067997,Incomplete Sweep
rs3810267,55070864,0.31572753,Incomplete Sweep
rs8429,55102362,0.186489,Incomplete Sweep
rs9523,55102944,0.09564661,Incomplete Sweep
rs1044167,55106529,0.08538839,Incomplete Sweep
rs3786666,55116847,0.09635492,Incomplete Sweep
rs283526,55127674,0.085694954,Incomplete Sweep
rs3170545,55128527,0.08417715,Incomplete Sweep
rs8647,55128792,0.08417715,Incomplete Sweep
rs12610975,55131531,0.16513593,Incomplete Sweep
rs8108252,55135873,0.076724514,Incomplete Sweep
rs6509448,55148330,0.09122416,Incomplete Sweep
rs3786669,55178751,,Incomplete Sweep
rs283517,55184932,0.3208809,Incomplete Sweep
rs734910,55216038,0.28847748,Incomplete Sweep
rs648298,55384945,,Incomplete Sweep
rs638286,55397667,,Incomplete Sweep
rs588973,55428767,0.09648806,Incomplete Sweep
rs630283,55437219,,Incomplete Sweep
rs11670669,55443610,0.049398296,Incomplete Sweep
rs393368,55452746,0.030311415,Incomplete Sweep
rs3745504,55463420,0.047188766,Incomplete Sweep
rs788338,55470355,0.07061796,Incomplete Sweep
rs788332,55474274,0.113646075,Incomplete Sweep
rs788328,55480315,0.07016793,Incomplete Sweep
rs7251148,55500560,0.17007263,Incomplete Sweep
rs11880103,55519512,0.2666808,Incomplete Sweep
rs1377814,55547747,,Incomplete Sweep
rs2248949,55573980,0.3871094,Incomplete Sweep
rs3810276,55626750,0.19282816,Incomplete Sweep
rs3816551,55628399,0.19282816,Incomplete Sweep
rs2445835,55643501,,Incomplete Sweep
rs3745518,55653873,0.21591687,Incomplete Sweep
rs2278999,55661788,0.33882543,Incomplete Sweep
rs3852863,55680573,,Incomplete Sweep
rs1150927,55725159,0.28942853,Incomplete Sweep
rs6509477,55732228,,Incomplete Sweep
rs6509481,55760027,0.25812855,Incomplete Sweep
rs1978454,55765391,0.16419831,Incomplete Sweep
rs4308052,55767054,0.16419831,Incomplete Sweep
rs8100750,55775407,,Incomplete Sweep
rs6509485,55781420,,Incomplete Sweep
rs8106843,55797960,0.29203936,Incomplete Sweep
rs4801842,55830791,0.2799695,Incomplete Sweep
rs3893128,55867867,0.0596122,Incomplete Sweep
rs4801847,55871709,,Incomplete Sweep
rs4801852,55921308,0.30015224,Incomplete Sweep
rs10432284,55922437,0.20113258,Incomplete Sweep
rs7249061,55928646,,Incomplete Sweep
rs8101336,55946362,,Incomplete Sweep
rs1978605,55985815,0.17304221,Incomplete Sweep
rs4802742,55995116,0.18048762,Incomplete Sweep
rs2247289,55999904,0.29214236,Incomplete Sweep
rs788889,56003061,0.1760513,Incomplete Sweep
rs2033496,56031018,0.044303544,Incomplete Sweep
rs266881,56050145,0.03670823,Incomplete Sweep
rs2292185,56050499,0.026362322,Incomplete Sweep
rs6998,56055472,0.023060821,Incomplete Sweep
rs8112276,56057763,0.048428178,Incomplete Sweep
rs1506684,56063231,0.07560613,Incomplete Sweep
rs10424878,56066778,0.11559071,Incomplete Sweep
rs12984214,56066957,0.11559071,Incomplete Sweep
rs7260115,56067414,0.11559071,Incomplete Sweep
rs1654553,56102928,0.05864699,Incomplete Sweep
rs2664152,56106962,0.026405213,Incomplete Sweep
rs1701930,56111357,0.06478138,Incomplete Sweep
rs2659079,56113303,0.072984636,Incomplete Sweep
rs8101572,56115440,0.07648964,Incomplete Sweep
rs870361,56116702,0.06090299,Incomplete Sweep
rs11084043,56171214,0.13876021,Incomplete Sweep
rs2659071,56187119,0.08417253,Incomplete Sweep
rs1612902,56191007,0.056545984,Incomplete Sweep
rs1722560,56192146,0.056155227,Incomplete Sweep
rs2075802,56198832,0.068117455,Incomplete Sweep
rs2569441,56206434,0.036429062,Incomplete Sweep
rs3760738,56215709,0.02077941,Incomplete Sweep
rs2691229,56238453,0.0012181364,Incomplete Sweep
rs885146,56245884,0.0017676465,Incomplete Sweep
rs2569472,56247457,0.0015177131,Incomplete Sweep
rs10426620,56258685,0.001059886,Incomplete Sweep
rs11665682,56259122,0.001191828,Incomplete Sweep
rs2072689,56277426,0.0030169326,Incomplete Sweep
rs2091181,56284375,0.009068349,Incomplete Sweep
rs11666870,56290481,0.03265226,Incomplete Sweep
rs10405562,56302106,0.08745076,Incomplete Sweep
rs273634,56410649,0.20711109,Incomplete Sweep
rs273638,56415924,0.23159343,Incomplete Sweep
rs1399839,56431578,,Incomplete Sweep
rs273651,56439584,,Incomplete Sweep
rs273619,56451748,,Incomplete Sweep
rs1697566,56457765,0.30830896,Incomplete Sweep
rs10853828,56458209,0.27966958,Incomplete Sweep
rs6509523,56459017,0.27966958,Incomplete Sweep
rs10419982,56488931,,Incomplete Sweep
rs1710354,56493952,0.30364555,Incomplete Sweep
rs2062655,56495675,0.30364555,Incomplete Sweep
rs273628,56497130,0.29993603,Incomplete Sweep
rs6509525,56509963,,Incomplete Sweep
rs3177751,56542102,0.1646179,Incomplete Sweep
rs3786629,56542409,0.1646179,Incomplete Sweep
rs12985380,56552988,,Incomplete Sweep
rs12971528,56554720,,Incomplete Sweep
rs3786625,56561158,,Incomplete Sweep
rs5026035,56566553,0.12837678,Incomplete Sweep
rs3009,56566762,0.12447556,Incomplete Sweep
rs2547338,56569929,0.0805281,Incomplete Sweep
rs2547321,56574475,0.07792181,Incomplete Sweep
rs9304712,56617330,,Incomplete Sweep
rs11672925,56659679,,Incomplete Sweep
rs11668530,56693296,0.12311154,Incomplete Sweep
rs10401234,56743570,0.12854725,Incomplete Sweep
rs10412859,56750273,0.1866826,Incomplete Sweep
rs7260534,56766286,0.09455491,Incomplete Sweep
rs7245800,56775364,,Incomplete Sweep
rs1868949,56797671,0.113288514,Incomplete Sweep
rs10500308,56800742,0.09514333,Incomplete Sweep
rs3829655,56807456,0.101511374,Incomplete Sweep
rs11084094,56811358,0.12810147,Incomplete Sweep
rs11084095,56818842,0.1462235,Incomplete Sweep
rs7260152,56852117,0.23735818,Incomplete Sweep
rs12459503,56852847,0.23142412,Incomplete Sweep
rs3829647,56908375,0.033433113,Incomplete Sweep
rs8112223,56923787,0.009829123,Incomplete Sweep
rs10422751,56930644,0.012294074,Incomplete Sweep
rs11670567,56932130,0.013035462,Incomplete Sweep
rs10412020,56932654,0.022576164,Incomplete Sweep
rs1042229,56941484,0.033127602,Incomplete Sweep
rs4801891,56946162,0.06438029,Incomplete Sweep
rs17694990,56959514,0.08529258,Incomplete Sweep
rs7254413,56990137,0.15094458,Incomplete Sweep
rs1549931,57095328,,Incomplete Sweep
rs12461478,57122551,0.38411945,Incomplete Sweep
rs7254507,57291100,0.30611375,Incomplete Sweep
rs8111640,57313456,0.27996904,Incomplete Sweep
rs10406099,57316454,0.3169726,Incomplete Sweep
rs1465556,57370875,0.10556553,Incomplete Sweep
rs10420138,57396773,0.16131409,Incomplete Sweep
rs1560092,57402826,0.14841034,Incomplete Sweep
rs9304727,57459909,0.2725104,Incomplete Sweep
rs8112051,57506960,,Incomplete Sweep
rs7247178,57507702,,Incomplete Sweep
rs12462953,57532730,0.16881195,Incomplete Sweep
rs2560878,57557983,0.113283314,Incomplete Sweep
rs324748,57697415,,Incomplete Sweep
rs2068066,57791221,0.1702948,Incomplete Sweep
rs1046648,57807872,0.27856088,Incomplete Sweep
rs7257138,57810841,0.25401834,Incomplete Sweep
rs7255970,57850896,0.1569708,Incomplete Sweep
rs7246133,57853914,0.19202724,Incomplete Sweep
rs7245929,57854294,0.19202724,Incomplete Sweep
rs4530263,57854926,0.18881172,Incomplete Sweep
rs12974023,57855674,0.18219526,Incomplete Sweep
rs34312893,57898537,,Incomplete Sweep
rs11084178,57904173,,Incomplete Sweep
rs7253411,57934838,0.25492933,Incomplete Sweep
rs10403312,57936750,0.2752178,Incomplete Sweep
rs12983988,57989578,0.32681832,Incomplete Sweep
rs10423923,58023851,,Incomplete Sweep
rs1966574,58059204,0.32436487,Incomplete Sweep
rs2162919,58073241,0.23144293,Incomplete Sweep
rs6509701,58075997,0.26983643,Incomplete Sweep
rs11881877,58093572,0.20981956,Incomplete Sweep
rs7251313,58116136,0.22768524,Incomplete Sweep
rs329727,58176172,0.2177208,Incomplete Sweep
rs8102939,58176902,0.21476744,Incomplete Sweep
rs182775,58187145,,Incomplete Sweep
rs329746,58231672,0.24524443,Incomplete Sweep
rs10405102,58262679,0.11967333,Incomplete Sweep
rs10419891,58279182,,Incomplete Sweep
rs6509724,58287981,0.117286906,Incomplete Sweep
rs3814,58302999,0.041553,Incomplete Sweep
rs1133327,58304557,0.041847236,Incomplete Sweep
rs1054485,58304569,0.041847236,Incomplete Sweep
rs3745181,58311277,0.03743928,Incomplete Sweep
rs16984496,58319694,0.07556932,Incomplete Sweep
rs10423632,58325362,0.1003933,Incomplete Sweep
rs9967612,58326739,0.1003933,Incomplete Sweep
rs8103620,58389749,0.20114674,Incomplete Sweep
rs6509732,58394320,0.173162,Incomplete Sweep
rs7247982,58410927,0.10630158,Incomplete Sweep
rs4803070,58415425,0.30878076,Incomplete Sweep
rs2965228,58442297,0.23304921,Incomplete Sweep
rs2914370,58452637,0.121458046,Incomplete Sweep
rs3111331,58456577,0.12562077,Incomplete Sweep
rs2965265,58459382,0.13173336,Incomplete Sweep
rs2914354,58471408,0.024754418,Incomplete Sweep
rs4801974,58490756,0.02833286,Incomplete Sweep
rs12461082,58493294,0.027610274,Incomplete Sweep
rs2052858,58501727,0.026462661,Incomplete Sweep
rs8104523,58520933,0.14244752,Incomplete Sweep
rs11672485,58525524,0.16249417,Incomplete Sweep
rs12609817,58550994,,Incomplete Sweep
rs4801980,58569516,0.1657149,Incomplete Sweep
rs12610602,58588445,0.19048567,Incomplete Sweep
rs7248917,58631479,0.33393016,Incomplete Sweep
rs11666558,58631502,0.33393016,Incomplete Sweep
rs11670677,58640198,0.2708965,Incomplete Sweep
rs2708751,58641292,0.22657184,Incomplete Sweep
rs1284536,58702089,0.25415805,Incomplete Sweep
rs37396,58712155,0.05811172,Incomplete Sweep
rs1284520,58714537,0.06434369,Incomplete Sweep
rs1293703,58834663,0.13612375,Incomplete Sweep
rs2865857,58908718,0.16483624,Incomplete Sweep
rs2903110,58908767,0.16483624,Incomplete Sweep
rs2082432,58913626,0.20115015,Incomplete Sweep
rs3859501,58983223,0.10970322,Incomplete Sweep
rs10418264,58990388,0.09340874,Incomplete Sweep
rs10416363,58995524,0.15670076,Incomplete Sweep
rs7259148,59023872,0.30523184,Incomplete Sweep
rs8101207,59113003,,Incomplete Sweep
rs11672982,59121010,0.324943,Incomplete Sweep
rs11878489,59122266,0.324943,Incomplete Sweep
rs4806674,59153350,,Incomplete Sweep
rs10420331,59160880,,Incomplete Sweep
rs7254456,59178585,,Incomplete Sweep
rs3810244,59187744,0.17372532,Incomplete Sweep
rs442126,59211766,0.059422076,Incomplete Sweep
rs681198,59219760,0.03408177,Incomplete Sweep
rs4239594,59228891,0.030859983,Incomplete Sweep
rs2433724,59237343,0.044826124,Incomplete Sweep
rs11669716,59241360,0.039490648,Incomplete Sweep
rs11667088,59242299,0.03802774,Incomplete Sweep
rs10500316,59245509,0.038103446,Incomplete Sweep
rs662850,59258713,0.103080735,Incomplete Sweep
rs11669029,59288431,,Incomplete Sweep
rs10423754,59296634,0.27105856,Incomplete Sweep
rs254259,59298217,0.2610024,Incomplete Sweep
rs12985735,59315361,,Incomplete Sweep
rs36640,59335782,0.1262368,Incomplete Sweep
rs36638,59336306,0.1262368,Incomplete Sweep
rs36664,59342752,0.1455149,Incomplete Sweep
rs1055234,59349812,0.19653155,Incomplete Sweep
rs2576452,59368245,0.048553597,Incomplete Sweep
rs641738,59368575,0.048553597,Incomplete Sweep
rs36631,59383226,,Incomplete Sweep
rs28513,59391198,,Incomplete Sweep
rs11666543,59403793,,Incomplete Sweep
rs11672654,59425145,,Incomplete Sweep
rs2361797,59445354,0.17009152,Incomplete Sweep
rs402071,59459691,,Incomplete Sweep
rs8100863,59481078,0.17934458,Incomplete Sweep
rs1761451,59508321,0.04039306,Incomplete Sweep
rs1205322,59536249,0.012885419,Incomplete Sweep
rs7256494,59541292,0.003687734,Incomplete Sweep
rs8102662,59543040,0.0032061099,Incomplete Sweep
rs10426462,59543734,0.001363732,Incomplete Sweep
rs10418607,59549723,0.0010699221,Incomplete Sweep
rs4806747,59551823,0.000927963,Incomplete Sweep
rs730592,59555975,0.0008917871,Incomplete Sweep
rs725484,59594879,0.16002204,Incomplete Sweep
rs11084337,59607916,0.14614445,Incomplete Sweep
rs7248475,59652315,0.27388135,Incomplete Sweep
rs3813148,59657672,0.28742504,Incomplete Sweep
rs7257085,59677057,0.23224096,Incomplete Sweep
rs7255345,59680527,0.21639812,Incomplete Sweep
rs4806767,59705571,0.11185098,Incomplete Sweep
rs6509880,59709228,0.12046276,Incomplete Sweep
rs4806768,59709320,0.12046276,Incomplete Sweep
rs6509882,59721995,0.054186672,Incomplete Sweep
rs4632258,59727785,0.0740433,Incomplete Sweep
rs1000320,59738192,,Incomplete Sweep
rs4806787,59804301,0.36990935,Incomplete Sweep
rs934434,59863958,0.01418307,Incomplete Sweep
rs1749311,59865309,0.00793674,Incomplete Sweep
rs1654668,59866024,0.0062434305,Incomplete Sweep
rs1654656,59875789,0.0039828094,Incomplete Sweep
rs2296370,59916597,0.13924955,Incomplete Sweep
rs2296371,59916697,0.13924955,Incomplete Sweep
rs10423751,59916779,0.13924955,Incomplete Sweep
rs12982559,59916888,0.13924955,Incomplete Sweep
rs1325158,59918214,0.16617328,Incomplete Sweep
rs11672983,60074862,0.2915745,Incomplete Sweep
rs12462181,60077246,0.2915745,Incomplete Sweep
rs3816051,60077415,0.2915745,Incomplete Sweep
rs269918,60119292,0.13125458,Incomplete Sweep
rs623383,60126387,0.03669812,Incomplete Sweep
rs269938,60131633,0.04847727,Incomplete Sweep
rs269949,60133581,0.050891764,Incomplete Sweep
rs269950,60133714,0.050891764,Incomplete Sweep
rs269951,60133807,0.050891764,Incomplete Sweep
rs12768,60203949,0.21007232,Incomplete Sweep
rs1654410,60216624,0.21187167,Incomplete Sweep
rs1654431,60241569,0.3407644,Incomplete Sweep
rs8113032,60245949,0.1663653,Incomplete Sweep
rs1654467,60273323,0.074179426,Incomplete Sweep
rs1054940,60290536,0.23278257,Incomplete Sweep
rs2603701,60292548,0.2095498,Incomplete Sweep
rs10401558,60293848,0.2095498,Incomplete Sweep
rs2259067,60293927,0.2095498,Incomplete Sweep
rs2288521,60400369,0.13455394,Incomplete Sweep
rs10422892,60414653,0.047133196,Incomplete Sweep
rs9304764,60429628,0.11878794,Incomplete Sweep
rs13343928,60435737,0.07881479,Incomplete Sweep
rs10403164,60465402,,Incomplete Sweep
rs10412187,60466317,,Incomplete Sweep
rs3786544,60479680,0.254072,Incomplete Sweep
rs4806656,60480307,0.254072,Incomplete Sweep
rs12611091,60492140,0.24088597,Incomplete Sweep
rs2607336,60495631,0.24229191,Incomplete Sweep
rs7246479,60516144,,Incomplete Sweep
rs10412726,60524239,0.10859151,Incomplete Sweep
rs10411773,60524367,0.10859151,Incomplete Sweep
rs8105530,60531084,0.13713965,Incomplete Sweep
rs6509939,60543520,0.0770574,Incomplete Sweep
rs12610863,60546201,0.072078675,Incomplete Sweep
rs1058511,60551251,,Incomplete Sweep
rs11084396,60557339,,Incomplete Sweep
rs6509940,60575690,,Incomplete Sweep
rs11669732,60604144,,Incomplete Sweep
rs12977991,60617312,0.30521676,Incomplete Sweep
rs7507151,60639108,,Incomplete Sweep
rs35068131,60675666,0.1790536,Incomplete Sweep
rs11084399,60692304,0.09619686,Incomplete Sweep
rs4801702,60701693,,Incomplete Sweep
rs542186,60717121,0.21538971,Incomplete Sweep
rs645973,60731863,,Incomplete Sweep
rs2459744,60754761,0.07749102,Incomplete Sweep
rs12974235,60789231,0.2683737,Incomplete Sweep
rs693289,60802848,0.18133208,Incomplete Sweep
rs484519,60809178,,Incomplete Sweep
rs4801628,60984584,0.085798174,Incomplete Sweep
rs10424927,60996419,0.07642986,Incomplete Sweep
rs299175,61005339,0.09618109,Incomplete Sweep
rs299164,61011608,0.058940496,Incomplete Sweep
rs302436,61072856,0.044005267,Incomplete Sweep
rs302437,61072944,0.044005267,Incomplete Sweep
rs302837,61106503,0.054562856,Incomplete Sweep
rs4629084,61111969,0.09283172,Incomplete Sweep
rs304002,61115066,0.082281195,Incomplete Sweep
rs304001,61115480,0.082281195,Incomplete Sweep
rs303997,61116255,0.0778741,Incomplete Sweep
rs464765,61122036,0.1024051,Incomplete Sweep
rs373707,61131152,,Incomplete Sweep
rs434678,61138116,0.18207562,Incomplete Sweep
rs9636113,61142344,0.15886028,Incomplete Sweep
rs427982,61167138,0.21461456,Incomplete Sweep
rs306496,61169522,0.1853216,Incomplete Sweep
rs306491,61172128,0.1793364,Incomplete Sweep
rs16986856,61189772,0.2223171,Incomplete Sweep
rs1865729,61190604,0.22744219,Incomplete Sweep
rs306450,61192861,0.22907548,Incomplete Sweep
rs397977,61231052,0.08065544,Incomplete Sweep
rs10421870,61248958,,Incomplete Sweep
rs7256266,61253977,,Incomplete Sweep
rs2637107,61258553,0.019793775,Incomplete Sweep
rs575756,61386317,0.17535017,Incomplete Sweep
rs2163854,61444704,0.02209179,Incomplete Sweep
rs11084437,61446853,0.014475772,Incomplete Sweep
rs7250032,61456882,0.00811682,Incomplete Sweep
rs8106321,61466373,,Incomplete Sweep
rs4801696,61470853,0.072583415,Incomplete Sweep
rs11084440,61474777,0.12678213,Incomplete Sweep
rs12461130,61476840,0.12490518,Incomplete Sweep
rs8104291,61486950,0.1655667,Incomplete Sweep
rs3205192,61489691,0.11732552,Incomplete Sweep
rs8110189,61522069,0.3516966,Incomplete Sweep
rs7245993,61523320,0.38466537,Incomplete Sweep
rs2058319,61555118,0.37343314,Incomplete Sweep
rs2109469,61556041,0.3755056,Incomplete Sweep
rs2904015,61574441,0.15438165,Incomplete Sweep
rs9636161,61592298,0.12730315,Incomplete Sweep
rs3810340,61627339,,Incomplete Sweep
rs8112935,61641779,0.3565249,Incomplete Sweep
rs1542039,61676187,0.25690305,Incomplete Sweep
rs7249981,61699803,0.25910008,Incomplete Sweep
rs4801167,61700186,0.25910008,Incomplete Sweep
rs2189698,61705883,,Incomplete Sweep
rs10419939,61719418,,Incomplete Sweep
rs3752176,61728465,0.3477487,Incomplete Sweep
rs960995,61730980,0.29364023,Incomplete Sweep
rs958338,61731511,0.29364023,Incomplete Sweep
rs2074941,61752385,0.23282231,Incomplete Sweep
rs379214,61753885,0.18597363,Incomplete Sweep
rs11670421,61760892,0.22420904,Incomplete Sweep
rs4801341,61770457,,Incomplete Sweep
rs10420820,61801633,0.1783169,Incomplete Sweep
rs12973085,61802734,0.1073941,Incomplete Sweep
rs3752183,61804990,0.04846386,Incomplete Sweep
rs4462710,61852327,0.13222702,Incomplete Sweep
rs10404532,61854100,0.18155716,Incomplete Sweep
rs10419133,61856128,0.18155716,Incomplete Sweep
rs6510006,61856742,0.20366986,Incomplete Sweep
rs10422532,61873857,0.12304456,Incomplete Sweep
rs2052242,61878975,0.09457368,Incomplete Sweep
rs11084460,61890337,0.16050158,Incomplete Sweep
rs7258285,61890385,0.16050158,Incomplete Sweep
rs12462745,61910730,0.25274357,Incomplete Sweep
rs12462786,61910775,0.25274357,Incomplete Sweep
rs1476830,61962190,,Incomplete Sweep
rs3795006,61980231,,Incomplete Sweep
rs1558355,62015087,,Incomplete Sweep
rs8100664,62088062,0.21358924,Incomplete Sweep
rs8101034,62109340,0.08254279,Incomplete Sweep
rs12974085,62111398,0.09847233,Incomplete Sweep
rs12978360,62115260,0.015072458,Incomplete Sweep
rs8105449,62125683,0.09587752,Incomplete Sweep
rs12971478,62126378,0.049215272,Incomplete Sweep
rs8101059,62137546,0.039047558,Incomplete Sweep
rs7253030,62151253,,Incomplete Sweep
rs11670532,62180194,0.08352266,Incomplete Sweep
rs10401795,62212954,0.22800867,Incomplete Sweep
rs8110935,62240101,,Incomplete Sweep
rs17273540,62264249,0.09469456,Incomplete Sweep
rs7250836,62264924,0.09570939,Incomplete Sweep
rs9677008,62267239,0.10351936,Incomplete Sweep
rs8110460,62275530,0.066928774,Incomplete Sweep
rs10403926,62280110,0.09096615,Incomplete Sweep
rs6510040,62298373,0.21994488,Incomplete Sweep
rs7257033,62299942,,Incomplete Sweep
rs10423919,62318160,0.32382232,Incomplete Sweep
rs3764574,62333910,0.22974372,Incomplete Sweep
rs4801433,62338382,0.21144581,Incomplete Sweep
rs7251328,62338827,0.21889755,Incomplete Sweep
rs11084488,62345676,0.2122192,Incomplete Sweep
rs8108591,62357562,0.30443636,Incomplete Sweep
rs999135,62388197,,Incomplete Sweep
rs8108292,62405107,0.32272208,Incomplete Sweep
rs2361128,62431059,0.27546322,Incomplete Sweep
rs10411733,62482800,0.21459669,Incomplete Sweep
rs3746227,62496336,0.07679465,Incomplete Sweep
rs4289092,62512529,,Incomplete Sweep
rs11084495,62520707,0.07255915,Incomplete Sweep
rs8099984,62535732,,Incomplete Sweep
rs3746226,62554317,0.11237738,Incomplete Sweep
rs11882015,62555432,0.10004792,Incomplete Sweep
rs12709968,62555725,0.10004792,Incomplete Sweep
rs7250521,62561959,0.17205626,Incomplete Sweep
rs8100796,62590645,0.41205567,Incomplete Sweep
rs10853894,62625382,0.26253134,Incomplete Sweep
rs11665675,62631431,,Incomplete Sweep
rs6510070,62653424,0.2205866,Incomplete Sweep
rs6510074,62671979,0.3215153,Incomplete Sweep
rs2360764,62674890,0.3602679,Incomplete Sweep
rs10153521,62675269,0.3602679,Incomplete Sweep
rs10426255,62675617,0.3602679,Incomplete Sweep
rs10405925,62675723,0.3602679,Incomplete Sweep
rs2074059,62677271,0.3641259,Incomplete Sweep
rs2285611,62683887,0.36777362,Incomplete Sweep
rs6510080,62689646,,Incomplete Sweep
rs10410631,62750551,0.32504404,Incomplete Sweep
rs12162230,62886200,,Incomplete Sweep
rs3746208,62891911,,Incomplete Sweep
rs10419113,62903342,0.23433904,Incomplete Sweep
rs9676323,62922432,0.29680192,Incomplete Sweep
rs2239986,62923619,0.29680192,Incomplete Sweep
rs12983947,62966721,0.36072212,Incomplete Sweep
rs12610315,62968468,0.35784796,Incomplete Sweep
rs10422444,62970241,0.35784796,Incomplete Sweep
rs2285615,62979981,,Incomplete Sweep
rs2158013,62983040,,Incomplete Sweep
rs2303817,63017813,,Incomplete Sweep
rs5029044,63066765,0.36151794,Incomplete Sweep
rs11668314,63070328,0.3270654,Incomplete Sweep
rs257663,63156742,0.3326333,Incomplete Sweep
rs257675,63176021,0.32353455,Incomplete Sweep
rs10518271,63186871,0.35181844,Incomplete Sweep
rs11881126,63215802,0.27249417,Incomplete Sweep
rs4801552,63261443,0.25873682,Incomplete Sweep
rs7256947,63262509,0.2704793,Incomplete Sweep
rs11666227,63265371,0.28846893,Incomplete Sweep
rs11673436,63268170,0.21056192,Incomplete Sweep
rs2229375,63270390,0.19203274,Incomplete Sweep
rs2547354,63293033,0.3289532,Incomplete Sweep
rs3745129,63329310,0.30794534,Incomplete Sweep
rs159667,63340171,,Incomplete Sweep
rs159679,63353544,0.30063385,Incomplete Sweep
rs551116,63376423,,Incomplete Sweep
rs7248512,63408175,0.2723137,Incomplete Sweep
rs101447,63412529,0.24153738,Incomplete Sweep
rs260418,63412730,0.24153738,Incomplete Sweep
rs260422,63421645,0.195018,Incomplete Sweep
rs260441,63432981,0.19602016,Incomplete Sweep
rs48524,63436745,0.20605738,Incomplete Sweep
rs260444,63437281,0.20605738,Incomplete Sweep
rs260484,63450262,0.191934,Incomplete Sweep
rs260452,63458685,,Incomplete Sweep
rs260462,63465882,0.25681335,Incomplete Sweep
rs260468,63468442,0.24848227,Incomplete Sweep
rs392644,63472315,0.24850038,Incomplete Sweep
rs2449632,63473191,0.21261181,Incomplete Sweep
rs931258,63500520,0.21951585,Incomplete Sweep
rs3830,63558245,0.3835614,Incomplete Sweep
rs11668660,63565396,,Incomplete Sweep
rs7254299,63576777,,Incomplete Sweep
rs3764536,63588524,0.29073435,Incomplete Sweep
rs734380,63590775,0.3421338,Incomplete Sweep
rs893179,63590868,0.3421338,Incomplete Sweep
rs1529959,63591154,0.3421338,Incomplete Sweep
rs2278498,63603580,,Incomplete Sweep
rs10423138,63620114,0.3638089,Incomplete Sweep
rs3764535,63620864,0.3638089,Incomplete Sweep
rs3764533,63621006,0.3638089,Incomplete Sweep
rs1051500,63636214,0.37035316,Incomplete Sweep
rs1465789,63637868,0.37035316,Incomplete Sweep
rs7259841,63642935,,Incomplete Sweep
rs1077420,63660687,,Incomplete Sweep
rs4801595,63670329,,Incomplete Sweep
rs893185,63681307,0.26970887,Incomplete Sweep
rs2033711,63691162,0.2688399,Incomplete Sweep
rs4801273,63692085,0.2688399,Incomplete Sweep
rs2278497,63702631,,Incomplete Sweep
rs13345233,63721118,0.38105044,Incomplete Sweep
rs11666790,63725153,0.35212135,Incomplete Sweep
rs7249714,63749894,,Incomplete Sweep
